id	input
quantity-composition/promotion/000000	Route this quantity case. Background: A discarded note talks about equal groups and a scale factor. Actual case: What amount results when 904 is added onto 87? Respond with the operation code.
quantity-composition/promotion/000001	Route this quantity case. Background: A discarded note talks about pooling two fractional shares. Actual case: What is produced by -48 copies of 15? Respond with the operation code.
quantity-composition/promotion/000002	Route this quantity case. Background: A discarded note talks about restating meters in centimeters. Actual case: What combined fraction is formed from 6/13 plus 3/17? Respond with the operation code.
quantity-composition/promotion/000003	Route this quantity case. Background: A discarded note talks about isolating an unknown in an equation. Actual case: How many grams represent the same length or mass as 142 kilograms? Respond with the operation code.
quantity-composition/promotion/000004	Route this quantity case. Background: A discarded note talks about joining two unrelated signed amounts. Actual case: What value must x have for 18*x+-69 to equal -1023? Respond with the operation code.
quantity-composition/promotion/000005	Route this quantity case. Background: A discarded note talks about pooling two fractional shares. Actual case: Merge a signed change of 886 into an initial -803. Respond with the operation code.
quantity-composition/promotion/000006	Route this quantity case. Background: A discarded note talks about restating meters in centimeters. Actual case: Combine -33 equal batches, with -12 in every batch. Respond with the operation code.
quantity-composition/promotion/000007	Route this quantity case. Background: A discarded note talks about isolating an unknown in an equation. Actual case: Pool the rational portions 8/1 and 4/24. Respond with the operation code.
quantity-composition/promotion/000008	Route this quantity case. Background: A discarded note talks about joining two unrelated signed amounts. Actual case: Use grams, rather than kilograms, to write the measure 370. Respond with the operation code.
quantity-composition/promotion/000009	Route this quantity case. Background: A discarded note talks about equal groups and a scale factor. Actual case: Undo the linear balance 220=-38+6*x and report x. Respond with the operation code.
quantity-composition/promotion/000010	Route this quantity case. Background: A discarded note talks about restating meters in centimeters. Actual case: Place 830 on top of 153 and report the combined amount. Respond with the operation code.
quantity-composition/promotion/000011	Route this quantity case. Background: A discarded note talks about isolating an unknown in an equation. Actual case: Enlarge the signed value -33 by a scale of 48. Respond with the operation code.
quantity-composition/promotion/000012	Route this quantity case. Background: A discarded note talks about joining two unrelated signed amounts. Actual case: Place the share -13/8 alongside the existing share 21/13. Respond with the operation code.
quantity-composition/promotion/000013	Route this quantity case. Background: A discarded note talks about equal groups and a scale factor. Actual case: Move 149 kilograms onto an equivalent grams unit scale. Respond with the operation code.
quantity-composition/promotion/000014	Route this quantity case. Background: A discarded note talks about pooling two fractional shares. Actual case: The expression 24*x+-32 lands on -1808; identify x. Respond with the operation code.
quantity-composition/promotion/000015	Route this quantity case. Background: A discarded note talks about isolating an unknown in an equation. Actual case: Determine their joint signed total: -731 with -278. Respond with the operation code.
quantity-composition/promotion/000016	Route this quantity case. Background: A discarded note talks about joining two unrelated signed amounts. Actual case: Determine the repeated-group amount for 17 groups of 16. Respond with the operation code.
quantity-composition/promotion/000017	Route this quantity case. Background: A discarded note talks about equal groups and a scale factor. Actual case: Determine the joint rational amount for -23/20 with -9/23. Respond with the operation code.
quantity-composition/promotion/000018	Route this quantity case. Background: A discarded note talks about pooling two fractional shares. Actual case: Give the centimeters form of a quantity recorded as 40 meters. Respond with the operation code.
quantity-composition/promotion/000019	Route this quantity case. Background: A discarded note talks about restating meters in centimeters. Actual case: Supply the missing number x that satisfies 19*x+-92=-1764. Respond with the operation code.
quantity-composition/promotion/000020	Route this quantity case. Background: A discarded note talks about equal groups and a scale factor. Actual case: What amount results when -425 is added onto -390? Respond with the operation code.
quantity-composition/promotion/000021	Route this quantity case. Background: A discarded note talks about pooling two fractional shares. Actual case: What is produced by -5 copies of 1? Respond with the operation code.
quantity-composition/promotion/000022	Route this quantity case. Background: A discarded note talks about restating meters in centimeters. Actual case: What combined fraction is formed from 7/21 plus -24/4? Respond with the operation code.
quantity-composition/promotion/000023	Route this quantity case. Background: A discarded note talks about isolating an unknown in an equation. Actual case: How many centimeters represent the same length or mass as 693 meters? Respond with the operation code.
quantity-composition/promotion/000024	Route this quantity case. Background: A discarded note talks about joining two unrelated signed amounts. Actual case: What value must x have for 15*x+15 to equal 150? Respond with the operation code.
quantity-composition/promotion/000025	Route this quantity case. Background: A discarded note talks about pooling two fractional shares. Actual case: Merge a signed change of -452 into an initial 226. Respond with the operation code.
quantity-composition/promotion/000026	Route this quantity case. Background: A discarded note talks about restating meters in centimeters. Actual case: Combine -3 equal batches, with 29 in every batch. Respond with the operation code.
quantity-composition/promotion/000027	Route this quantity case. Background: A discarded note talks about isolating an unknown in an equation. Actual case: Pool the rational portions -15/6 and -3/20. Respond with the operation code.
quantity-composition/promotion/000028	Route this quantity case. Background: A discarded note talks about joining two unrelated signed amounts. Actual case: Use grams, rather than kilograms, to write the measure 435. Respond with the operation code.
quantity-composition/promotion/000029	Route this quantity case. Background: A discarded note talks about equal groups and a scale factor. Actual case: Undo the linear balance 259=63+7*x and report x. Respond with the operation code.
quantity-composition/promotion/000030	Route this quantity case. Background: A discarded note talks about restating meters in centimeters. Actual case: Place 819 on top of 408 and report the combined amount. Respond with the operation code.
quantity-composition/promotion/000031	Route this quantity case. Background: A discarded note talks about isolating an unknown in an equation. Actual case: Enlarge the signed value 1 by a scale of -18. Respond with the operation code.
quantity-composition/promotion/000032	Route this quantity case. Background: A discarded note talks about joining two unrelated signed amounts. Actual case: Place the share -24/17 alongside the existing share -10/7. Respond with the operation code.
quantity-composition/promotion/000033	Route this quantity case. Background: A discarded note talks about equal groups and a scale factor. Actual case: Move 625 meters onto an equivalent centimeters unit scale. Respond with the operation code.
quantity-composition/promotion/000034	Route this quantity case. Background: A discarded note talks about pooling two fractional shares. Actual case: The expression 22*x+-21 lands on -1583; identify x. Respond with the operation code.
quantity-composition/promotion/000035	Route this quantity case. Background: A discarded note talks about isolating an unknown in an equation. Actual case: Determine their joint signed total: -39 with 974. Respond with the operation code.
quantity-composition/promotion/000036	Route this quantity case. Background: A discarded note talks about joining two unrelated signed amounts. Actual case: Determine the repeated-group amount for -43 groups of -32. Respond with the operation code.
quantity-composition/promotion/000037	Route this quantity case. Background: A discarded note talks about equal groups and a scale factor. Actual case: Determine the joint rational amount for -14/19 with -13/4. Respond with the operation code.
quantity-composition/promotion/000038	Route this quantity case. Background: A discarded note talks about pooling two fractional shares. Actual case: Give the centimeters form of a quantity recorded as 679 meters. Respond with the operation code.
quantity-composition/promotion/000039	Route this quantity case. Background: A discarded note talks about restating meters in centimeters. Actual case: Supply the missing number x that satisfies 24*x+34=226. Respond with the operation code.
quantity-composition/promotion/000040	Route this quantity case. Background: A discarded note talks about equal groups and a scale factor. Actual case: What amount results when -915 is added onto 801? Respond with the operation code.
quantity-composition/promotion/000041	Route this quantity case. Background: A discarded note talks about pooling two fractional shares. Actual case: What is produced by -49 copies of -26? Respond with the operation code.
quantity-composition/promotion/000042	Route this quantity case. Background: A discarded note talks about restating meters in centimeters. Actual case: What combined fraction is formed from -19/11 plus -15/17? Respond with the operation code.
quantity-composition/promotion/000043	Route this quantity case. Background: A discarded note talks about isolating an unknown in an equation. Actual case: How many centimeters represent the same length or mass as 642 meters? Respond with the operation code.
quantity-composition/promotion/000044	Route this quantity case. Background: A discarded note talks about joining two unrelated signed amounts. Actual case: What value must x have for 10*x+-92 to equal 558? Respond with the operation code.
quantity-composition/promotion/000045	Route this quantity case. Background: A discarded note talks about pooling two fractional shares. Actual case: Merge a signed change of 285 into an initial -633. Respond with the operation code.
quantity-composition/promotion/000046	Route this quantity case. Background: A discarded note talks about restating meters in centimeters. Actual case: Combine -19 equal batches, with -16 in every batch. Respond with the operation code.
quantity-composition/promotion/000047	Route this quantity case. Background: A discarded note talks about isolating an unknown in an equation. Actual case: Pool the rational portions 5/19 and -6/24. Respond with the operation code.
quantity-composition/promotion/000048	Route this quantity case. Background: A discarded note talks about joining two unrelated signed amounts. Actual case: Use centimeters, rather than meters, to write the measure 829. Respond with the operation code.
quantity-composition/promotion/000049	Route this quantity case. Background: A discarded note talks about equal groups and a scale factor. Actual case: Undo the linear balance -524=-24+10*x and report x. Respond with the operation code.
quantity-composition/promotion/000050	Route this quantity case. Background: A discarded note talks about restating meters in centimeters. Actual case: Place 964 on top of -411 and report the combined amount. Respond with the operation code.
quantity-composition/promotion/000051	Route this quantity case. Background: A discarded note talks about isolating an unknown in an equation. Actual case: Enlarge the signed value -27 by a scale of 12. Respond with the operation code.
quantity-composition/promotion/000052	Route this quantity case. Background: A discarded note talks about joining two unrelated signed amounts. Actual case: Place the share 12/11 alongside the existing share 20/4. Respond with the operation code.
quantity-composition/promotion/000053	Route this quantity case. Background: A discarded note talks about equal groups and a scale factor. Actual case: Move 183 meters onto an equivalent centimeters unit scale. Respond with the operation code.
quantity-composition/promotion/000054	Route this quantity case. Background: A discarded note talks about pooling two fractional shares. Actual case: The expression 17*x+71 lands on 360; identify x. Respond with the operation code.
quantity-composition/promotion/000055	Route this quantity case. Background: A discarded note talks about isolating an unknown in an equation. Actual case: Determine their joint signed total: -167 with -975. Respond with the operation code.
quantity-composition/promotion/000056	Route this quantity case. Background: A discarded note talks about joining two unrelated signed amounts. Actual case: Determine the repeated-group amount for -46 groups of 0. Respond with the operation code.
quantity-composition/promotion/000057	Route this quantity case. Background: A discarded note talks about equal groups and a scale factor. Actual case: Determine the joint rational amount for 4/1 with -14/17. Respond with the operation code.
quantity-composition/promotion/000058	Route this quantity case. Background: A discarded note talks about pooling two fractional shares. Actual case: Give the millimeters form of a quantity recorded as 404 centimeters. Respond with the operation code.
quantity-composition/promotion/000059	Route this quantity case. Background: A discarded note talks about restating meters in centimeters. Actual case: Supply the missing number x that satisfies 12*x+-95=-311. Respond with the operation code.
quantity-composition/promotion/000060	Route this quantity case. Background: A discarded note talks about equal groups and a scale factor. Actual case: What amount results when 719 is added onto -740? Respond with the operation code.
quantity-composition/promotion/000061	Route this quantity case. Background: A discarded note talks about pooling two fractional shares. Actual case: What is produced by 44 copies of 22? Respond with the operation code.
quantity-composition/promotion/000062	Route this quantity case. Background: A discarded note talks about restating meters in centimeters. Actual case: What combined fraction is formed from -11/5 plus 21/19? Respond with the operation code.
quantity-composition/promotion/000063	Route this quantity case. Background: A discarded note talks about isolating an unknown in an equation. Actual case: How many grams represent the same length or mass as 10 kilograms? Respond with the operation code.
quantity-composition/promotion/000064	Route this quantity case. Background: A discarded note talks about joining two unrelated signed amounts. Actual case: What value must x have for 20*x+-79 to equal 1601? Respond with the operation code.
quantity-composition/promotion/000065	Route this quantity case. Background: A discarded note talks about pooling two fractional shares. Actual case: Merge a signed change of -761 into an initial -176. Respond with the operation code.
quantity-composition/promotion/000066	Route this quantity case. Background: A discarded note talks about restating meters in centimeters. Actual case: Combine 46 equal batches, with 16 in every batch. Respond with the operation code.
quantity-composition/promotion/000067	Route this quantity case. Background: A discarded note talks about isolating an unknown in an equation. Actual case: Pool the rational portions 0/12 and -15/21. Respond with the operation code.
quantity-composition/promotion/000068	Route this quantity case. Background: A discarded note talks about joining two unrelated signed amounts. Actual case: Use centimeters, rather than meters, to write the measure 922. Respond with the operation code.
quantity-composition/promotion/000069	Route this quantity case. Background: A discarded note talks about equal groups and a scale factor. Actual case: Undo the linear balance -316=35+9*x and report x. Respond with the operation code.
quantity-composition/promotion/000070	Route this quantity case. Background: A discarded note talks about restating meters in centimeters. Actual case: Place 554 on top of 650 and report the combined amount. Respond with the operation code.
quantity-composition/promotion/000071	Route this quantity case. Background: A discarded note talks about isolating an unknown in an equation. Actual case: Enlarge the signed value 2 by a scale of 10. Respond with the operation code.
quantity-composition/promotion/000072	Route this quantity case. Background: A discarded note talks about joining two unrelated signed amounts. Actual case: Place the share 2/6 alongside the existing share 16/20. Respond with the operation code.
quantity-composition/promotion/000073	Route this quantity case. Background: A discarded note talks about equal groups and a scale factor. Actual case: Move 246 centimeters onto an equivalent millimeters unit scale. Respond with the operation code.
quantity-composition/promotion/000074	Route this quantity case. Background: A discarded note talks about pooling two fractional shares. Actual case: The expression 13*x+30 lands on 537; identify x. Respond with the operation code.
quantity-composition/promotion/000075	Route this quantity case. Background: A discarded note talks about isolating an unknown in an equation. Actual case: Determine their joint signed total: 494 with -511. Respond with the operation code.
quantity-composition/promotion/000076	Route this quantity case. Background: A discarded note talks about joining two unrelated signed amounts. Actual case: Determine the repeated-group amount for -19 groups of 11. Respond with the operation code.
quantity-composition/promotion/000077	Route this quantity case. Background: A discarded note talks about equal groups and a scale factor. Actual case: Determine the joint rational amount for 7/7 with -14/16. Respond with the operation code.
quantity-composition/promotion/000078	Route this quantity case. Background: A discarded note talks about pooling two fractional shares. Actual case: Give the grams form of a quantity recorded as 51 kilograms. Respond with the operation code.
quantity-composition/promotion/000079	Route this quantity case. Background: A discarded note talks about restating meters in centimeters. Actual case: Supply the missing number x that satisfies 19*x+78=1655. Respond with the operation code.
quantity-composition/promotion/000080	Route this quantity case. Background: A discarded note talks about equal groups and a scale factor. Actual case: What amount results when -970 is added onto -351? Respond with the operation code.
quantity-composition/promotion/000081	Route this quantity case. Background: A discarded note talks about pooling two fractional shares. Actual case: What is produced by 32 copies of 40? Respond with the operation code.
quantity-composition/promotion/000082	Route this quantity case. Background: A discarded note talks about restating meters in centimeters. Actual case: What combined fraction is formed from -4/19 plus 9/9? Respond with the operation code.
quantity-composition/promotion/000083	Route this quantity case. Background: A discarded note talks about isolating an unknown in an equation. Actual case: How many grams represent the same length or mass as 402 kilograms? Respond with the operation code.
quantity-composition/promotion/000084	Route this quantity case. Background: A discarded note talks about joining two unrelated signed amounts. Actual case: What value must x have for 9*x+37 to equal 919? Respond with the operation code.
quantity-composition/promotion/000085	Route this quantity case. Background: A discarded note talks about pooling two fractional shares. Actual case: Merge a signed change of 389 into an initial 767. Respond with the operation code.
quantity-composition/promotion/000086	Route this quantity case. Background: A discarded note talks about restating meters in centimeters. Actual case: Combine 10 equal batches, with -40 in every batch. Respond with the operation code.
quantity-composition/promotion/000087	Route this quantity case. Background: A discarded note talks about isolating an unknown in an equation. Actual case: Pool the rational portions -10/17 and 6/21. Respond with the operation code.
quantity-composition/promotion/000088	Route this quantity case. Background: A discarded note talks about joining two unrelated signed amounts. Actual case: Use centimeters, rather than meters, to write the measure 744. Respond with the operation code.
quantity-composition/promotion/000089	Route this quantity case. Background: A discarded note talks about equal groups and a scale factor. Actual case: Undo the linear balance 425=-45+5*x and report x. Respond with the operation code.
quantity-composition/promotion/000090	Route this quantity case. Background: A discarded note talks about restating meters in centimeters. Actual case: Place 736 on top of -771 and report the combined amount. Respond with the operation code.
quantity-composition/promotion/000091	Route this quantity case. Background: A discarded note talks about isolating an unknown in an equation. Actual case: Enlarge the signed value -5 by a scale of -23. Respond with the operation code.
quantity-composition/promotion/000092	Route this quantity case. Background: A discarded note talks about joining two unrelated signed amounts. Actual case: Place the share -5/8 alongside the existing share 19/9. Respond with the operation code.
quantity-composition/promotion/000093	Route this quantity case. Background: A discarded note talks about equal groups and a scale factor. Actual case: Move 149 kilograms onto an equivalent grams unit scale. Respond with the operation code.
quantity-composition/promotion/000094	Route this quantity case. Background: A discarded note talks about pooling two fractional shares. Actual case: The expression 9*x+3 lands on -753; identify x. Respond with the operation code.
quantity-composition/promotion/000095	Route this quantity case. Background: A discarded note talks about isolating an unknown in an equation. Actual case: Determine their joint signed total: -627 with 267. Respond with the operation code.
quantity-composition/promotion/000096	Route this quantity case. Background: A discarded note talks about joining two unrelated signed amounts. Actual case: Determine the repeated-group amount for -8 groups of 15. Respond with the operation code.
quantity-composition/promotion/000097	Route this quantity case. Background: A discarded note talks about equal groups and a scale factor. Actual case: Determine the joint rational amount for -23/10 with -23/21. Respond with the operation code.
quantity-composition/promotion/000098	Route this quantity case. Background: A discarded note talks about pooling two fractional shares. Actual case: Give the grams form of a quantity recorded as 542 kilograms. Respond with the operation code.
quantity-composition/promotion/000099	Route this quantity case. Background: A discarded note talks about restating meters in centimeters. Actual case: Supply the missing number x that satisfies 24*x+52=-380. Respond with the operation code.
quantity-composition/promotion/000100	Route this quantity case. Background: A discarded note talks about equal groups and a scale factor. Actual case: What amount results when 386 is added onto -911? Respond with the operation code.
quantity-composition/promotion/000101	Route this quantity case. Background: A discarded note talks about pooling two fractional shares. Actual case: What is produced by -29 copies of -38? Respond with the operation code.
quantity-composition/promotion/000102	Route this quantity case. Background: A discarded note talks about restating meters in centimeters. Actual case: What combined fraction is formed from 17/13 plus 18/15? Respond with the operation code.
quantity-composition/promotion/000103	Route this quantity case. Background: A discarded note talks about isolating an unknown in an equation. Actual case: How many centimeters represent the same length or mass as 559 meters? Respond with the operation code.
quantity-composition/promotion/000104	Route this quantity case. Background: A discarded note talks about joining two unrelated signed amounts. Actual case: What value must x have for 21*x+-21 to equal 1470? Respond with the operation code.
quantity-composition/promotion/000105	Route this quantity case. Background: A discarded note talks about pooling two fractional shares. Actual case: Merge a signed change of -214 into an initial -227. Respond with the operation code.
quantity-composition/promotion/000106	Route this quantity case. Background: A discarded note talks about restating meters in centimeters. Actual case: Combine 39 equal batches, with -21 in every batch. Respond with the operation code.
quantity-composition/promotion/000107	Route this quantity case. Background: A discarded note talks about isolating an unknown in an equation. Actual case: Pool the rational portions 12/6 and 24/11. Respond with the operation code.
quantity-composition/promotion/000108	Route this quantity case. Background: A discarded note talks about joining two unrelated signed amounts. Actual case: Use grams, rather than kilograms, to write the measure 259. Respond with the operation code.
quantity-composition/promotion/000109	Route this quantity case. Background: A discarded note talks about equal groups and a scale factor. Actual case: Undo the linear balance 126=-70+4*x and report x. Respond with the operation code.
quantity-composition/promotion/000110	Route this quantity case. Background: A discarded note talks about restating meters in centimeters. Actual case: Place 981 on top of 876 and report the combined amount. Respond with the operation code.
quantity-composition/promotion/000111	Route this quantity case. Background: A discarded note talks about isolating an unknown in an equation. Actual case: Enlarge the signed value -11 by a scale of 13. Respond with the operation code.
quantity-composition/promotion/000112	Route this quantity case. Background: A discarded note talks about joining two unrelated signed amounts. Actual case: Place the share -21/17 alongside the existing share -6/6. Respond with the operation code.
quantity-composition/promotion/000113	Route this quantity case. Background: A discarded note talks about equal groups and a scale factor. Actual case: Move 880 kilograms onto an equivalent grams unit scale. Respond with the operation code.
quantity-composition/promotion/000114	Route this quantity case. Background: A discarded note talks about pooling two fractional shares. Actual case: The expression 22*x+79 lands on 1421; identify x. Respond with the operation code.
quantity-composition/promotion/000115	Route this quantity case. Background: A discarded note talks about isolating an unknown in an equation. Actual case: Determine their joint signed total: 47 with -42. Respond with the operation code.
quantity-composition/promotion/000116	Route this quantity case. Background: A discarded note talks about joining two unrelated signed amounts. Actual case: Determine the repeated-group amount for -1 groups of 44. Respond with the operation code.
quantity-composition/promotion/000117	Route this quantity case. Background: A discarded note talks about equal groups and a scale factor. Actual case: Determine the joint rational amount for -10/20 with -8/14. Respond with the operation code.
quantity-composition/promotion/000118	Route this quantity case. Background: A discarded note talks about pooling two fractional shares. Actual case: Give the grams form of a quantity recorded as 463 kilograms. Respond with the operation code.
quantity-composition/promotion/000119	Route this quantity case. Background: A discarded note talks about restating meters in centimeters. Actual case: Supply the missing number x that satisfies 4*x+83=315. Respond with the operation code.
quantity-composition/promotion/000120	Route this quantity case. Background: A discarded note talks about equal groups and a scale factor. Actual case: What amount results when 8 is added onto -233? Respond with the operation code.
quantity-composition/promotion/000121	Route this quantity case. Background: A discarded note talks about pooling two fractional shares. Actual case: What is produced by 14 copies of 11? Respond with the operation code.
quantity-composition/promotion/000122	Route this quantity case. Background: A discarded note talks about restating meters in centimeters. Actual case: What combined fraction is formed from 21/3 plus -12/7? Respond with the operation code.
quantity-composition/promotion/000123	Route this quantity case. Background: A discarded note talks about isolating an unknown in an equation. Actual case: How many millimeters represent the same length or mass as 105 centimeters? Respond with the operation code.
quantity-composition/promotion/000124	Route this quantity case. Background: A discarded note talks about joining two unrelated signed amounts. Actual case: What value must x have for 13*x+93 to equal 899? Respond with the operation code.
quantity-composition/promotion/000125	Route this quantity case. Background: A discarded note talks about pooling two fractional shares. Actual case: Merge a signed change of -686 into an initial 526. Respond with the operation code.
quantity-composition/promotion/000126	Route this quantity case. Background: A discarded note talks about restating meters in centimeters. Actual case: Combine -40 equal batches, with -33 in every batch. Respond with the operation code.
quantity-composition/promotion/000127	Route this quantity case. Background: A discarded note talks about isolating an unknown in an equation. Actual case: Pool the rational portions 7/13 and 9/23. Respond with the operation code.
quantity-composition/promotion/000128	Route this quantity case. Background: A discarded note talks about joining two unrelated signed amounts. Actual case: Use millimeters, rather than centimeters, to write the measure 849. Respond with the operation code.
quantity-composition/promotion/000129	Route this quantity case. Background: A discarded note talks about equal groups and a scale factor. Actual case: Undo the linear balance 347=-37+12*x and report x. Respond with the operation code.
quantity-composition/promotion/000130	Route this quantity case. Background: A discarded note talks about restating meters in centimeters. Actual case: Place 504 on top of -347 and report the combined amount. Respond with the operation code.
quantity-composition/promotion/000131	Route this quantity case. Background: A discarded note talks about isolating an unknown in an equation. Actual case: Enlarge the signed value 30 by a scale of -24. Respond with the operation code.
quantity-composition/promotion/000132	Route this quantity case. Background: A discarded note talks about joining two unrelated signed amounts. Actual case: Place the share 17/10 alongside the existing share -7/11. Respond with the operation code.
quantity-composition/promotion/000133	Route this quantity case. Background: A discarded note talks about equal groups and a scale factor. Actual case: Move 998 kilograms onto an equivalent grams unit scale. Respond with the operation code.
quantity-composition/promotion/000134	Route this quantity case. Background: A discarded note talks about pooling two fractional shares. Actual case: The expression 8*x+-53 lands on -157; identify x. Respond with the operation code.
quantity-composition/promotion/000135	Route this quantity case. Background: A discarded note talks about isolating an unknown in an equation. Actual case: Determine their joint signed total: 655 with -967. Respond with the operation code.
quantity-composition/promotion/000136	Route this quantity case. Background: A discarded note talks about joining two unrelated signed amounts. Actual case: Determine the repeated-group amount for -19 groups of -18. Respond with the operation code.
quantity-composition/promotion/000137	Route this quantity case. Background: A discarded note talks about equal groups and a scale factor. Actual case: Determine the joint rational amount for -20/5 with 16/23. Respond with the operation code.
quantity-composition/promotion/000138	Route this quantity case. Background: A discarded note talks about pooling two fractional shares. Actual case: Give the centimeters form of a quantity recorded as 955 meters. Respond with the operation code.
quantity-composition/promotion/000139	Route this quantity case. Background: A discarded note talks about restating meters in centimeters. Actual case: Supply the missing number x that satisfies 24*x+-16=-2152. Respond with the operation code.
quantity-composition/promotion/000140	Route this quantity case. Background: A discarded note talks about equal groups and a scale factor. Actual case: What amount results when 678 is added onto 484? Respond with the operation code.
quantity-composition/promotion/000141	Route this quantity case. Background: A discarded note talks about pooling two fractional shares. Actual case: What is produced by 17 copies of -49? Respond with the operation code.
quantity-composition/promotion/000142	Route this quantity case. Background: A discarded note talks about restating meters in centimeters. Actual case: What combined fraction is formed from -22/12 plus 10/3? Respond with the operation code.
quantity-composition/promotion/000143	Route this quantity case. Background: A discarded note talks about isolating an unknown in an equation. Actual case: How many grams represent the same length or mass as 663 kilograms? Respond with the operation code.
quantity-composition/promotion/000144	Route this quantity case. Background: A discarded note talks about joining two unrelated signed amounts. Actual case: What value must x have for 8*x+-66 to equal 102? Respond with the operation code.
quantity-composition/promotion/000145	Route this quantity case. Background: A discarded note talks about pooling two fractional shares. Actual case: Merge a signed change of 171 into an initial 489. Respond with the operation code.
quantity-composition/promotion/000146	Route this quantity case. Background: A discarded note talks about restating meters in centimeters. Actual case: Combine -49 equal batches, with 35 in every batch. Respond with the operation code.
quantity-composition/promotion/000147	Route this quantity case. Background: A discarded note talks about isolating an unknown in an equation. Actual case: Pool the rational portions -3/16 and 19/22. Respond with the operation code.
quantity-composition/promotion/000148	Route this quantity case. Background: A discarded note talks about joining two unrelated signed amounts. Actual case: Use millimeters, rather than centimeters, to write the measure 647. Respond with the operation code.
quantity-composition/promotion/000149	Route this quantity case. Background: A discarded note talks about equal groups and a scale factor. Actual case: Undo the linear balance 1302=41+13*x and report x. Respond with the operation code.
quantity-composition/promotion/000150	Route this quantity case. Background: A discarded note talks about restating meters in centimeters. Actual case: Place 779 on top of -752 and report the combined amount. Respond with the operation code.
quantity-composition/promotion/000151	Route this quantity case. Background: A discarded note talks about isolating an unknown in an equation. Actual case: Enlarge the signed value 2 by a scale of 1. Respond with the operation code.
quantity-composition/promotion/000152	Route this quantity case. Background: A discarded note talks about joining two unrelated signed amounts. Actual case: Place the share -4/14 alongside the existing share 8/17. Respond with the operation code.
quantity-composition/promotion/000153	Route this quantity case. Background: A discarded note talks about equal groups and a scale factor. Actual case: Move 109 kilograms onto an equivalent grams unit scale. Respond with the operation code.
quantity-composition/promotion/000154	Route this quantity case. Background: A discarded note talks about pooling two fractional shares. Actual case: The expression 21*x+-62 lands on -1994; identify x. Respond with the operation code.
quantity-composition/promotion/000155	Route this quantity case. Background: A discarded note talks about isolating an unknown in an equation. Actual case: Determine their joint signed total: -949 with 814. Respond with the operation code.
quantity-composition/promotion/000156	Route this quantity case. Background: A discarded note talks about joining two unrelated signed amounts. Actual case: Determine the repeated-group amount for -20 groups of 48. Respond with the operation code.
quantity-composition/promotion/000157	Route this quantity case. Background: A discarded note talks about equal groups and a scale factor. Actual case: Determine the joint rational amount for -24/8 with -21/7. Respond with the operation code.
quantity-composition/promotion/000158	Route this quantity case. Background: A discarded note talks about pooling two fractional shares. Actual case: Give the grams form of a quantity recorded as 751 kilograms. Respond with the operation code.
quantity-composition/promotion/000159	Route this quantity case. Background: A discarded note talks about restating meters in centimeters. Actual case: Supply the missing number x that satisfies 9*x+80=-64. Respond with the operation code.
quantity-composition/promotion/000160	Route this quantity case. Background: A discarded note talks about equal groups and a scale factor. Actual case: What amount results when 227 is added onto -877? Respond with the operation code.
quantity-composition/promotion/000161	Route this quantity case. Background: A discarded note talks about pooling two fractional shares. Actual case: What is produced by -9 copies of 28? Respond with the operation code.
quantity-composition/promotion/000162	Route this quantity case. Background: A discarded note talks about restating meters in centimeters. Actual case: What combined fraction is formed from -5/18 plus -5/22? Respond with the operation code.
quantity-composition/promotion/000163	Route this quantity case. Background: A discarded note talks about isolating an unknown in an equation. Actual case: How many millimeters represent the same length or mass as 391 centimeters? Respond with the operation code.
quantity-composition/promotion/000164	Route this quantity case. Background: A discarded note talks about joining two unrelated signed amounts. Actual case: What value must x have for 11*x+96 to equal -135? Respond with the operation code.
quantity-composition/promotion/000165	Route this quantity case. Background: A discarded note talks about pooling two fractional shares. Actual case: Merge a signed change of -423 into an initial -308. Respond with the operation code.
quantity-composition/promotion/000166	Route this quantity case. Background: A discarded note talks about restating meters in centimeters. Actual case: Combine 40 equal batches, with 12 in every batch. Respond with the operation code.
quantity-composition/promotion/000167	Route this quantity case. Background: A discarded note talks about isolating an unknown in an equation. Actual case: Pool the rational portions -1/22 and 24/18. Respond with the operation code.
quantity-composition/promotion/000168	Route this quantity case. Background: A discarded note talks about joining two unrelated signed amounts. Actual case: Use centimeters, rather than meters, to write the measure 290. Respond with the operation code.
quantity-composition/promotion/000169	Route this quantity case. Background: A discarded note talks about equal groups and a scale factor. Actual case: Undo the linear balance 58=11+1*x and report x. Respond with the operation code.
quantity-composition/promotion/000170	Route this quantity case. Background: A discarded note talks about restating meters in centimeters. Actual case: Place 466 on top of 33 and report the combined amount. Respond with the operation code.
quantity-composition/promotion/000171	Route this quantity case. Background: A discarded note talks about isolating an unknown in an equation. Actual case: Enlarge the signed value 29 by a scale of 21. Respond with the operation code.
quantity-composition/promotion/000172	Route this quantity case. Background: A discarded note talks about joining two unrelated signed amounts. Actual case: Place the share 17/9 alongside the existing share 20/13. Respond with the operation code.
quantity-composition/promotion/000173	Route this quantity case. Background: A discarded note talks about equal groups and a scale factor. Actual case: Move 343 centimeters onto an equivalent millimeters unit scale. Respond with the operation code.
quantity-composition/promotion/000174	Route this quantity case. Background: A discarded note talks about pooling two fractional shares. Actual case: The expression 19*x+40 lands on 1389; identify x. Respond with the operation code.
quantity-composition/promotion/000175	Route this quantity case. Background: A discarded note talks about isolating an unknown in an equation. Actual case: Determine their joint signed total: 671 with -622. Respond with the operation code.
quantity-composition/promotion/000176	Route this quantity case. Background: A discarded note talks about joining two unrelated signed amounts. Actual case: Determine the repeated-group amount for 11 groups of 48. Respond with the operation code.
quantity-composition/promotion/000177	Route this quantity case. Background: A discarded note talks about equal groups and a scale factor. Actual case: Determine the joint rational amount for -8/5 with 11/3. Respond with the operation code.
quantity-composition/promotion/000178	Route this quantity case. Background: A discarded note talks about pooling two fractional shares. Actual case: Give the centimeters form of a quantity recorded as 596 meters. Respond with the operation code.
quantity-composition/promotion/000179	Route this quantity case. Background: A discarded note talks about restating meters in centimeters. Actual case: Supply the missing number x that satisfies 18*x+-8=-1214. Respond with the operation code.
quantity-composition/promotion/000180	Route this quantity case. Background: A discarded note talks about equal groups and a scale factor. Actual case: What amount results when 727 is added onto -593? Respond with the operation code.
quantity-composition/promotion/000181	Route this quantity case. Background: A discarded note talks about pooling two fractional shares. Actual case: What is produced by -21 copies of 28? Respond with the operation code.
quantity-composition/promotion/000182	Route this quantity case. Background: A discarded note talks about restating meters in centimeters. Actual case: What combined fraction is formed from 22/10 plus -3/15? Respond with the operation code.
quantity-composition/promotion/000183	Route this quantity case. Background: A discarded note talks about isolating an unknown in an equation. Actual case: How many grams represent the same length or mass as 38 kilograms? Respond with the operation code.
quantity-composition/promotion/000184	Route this quantity case. Background: A discarded note talks about joining two unrelated signed amounts. Actual case: What value must x have for 20*x+-19 to equal -1819? Respond with the operation code.
quantity-composition/promotion/000185	Route this quantity case. Background: A discarded note talks about pooling two fractional shares. Actual case: Merge a signed change of -183 into an initial -967. Respond with the operation code.
quantity-composition/promotion/000186	Route this quantity case. Background: A discarded note talks about restating meters in centimeters. Actual case: Combine -31 equal batches, with -30 in every batch. Respond with the operation code.
quantity-composition/promotion/000187	Route this quantity case. Background: A discarded note talks about isolating an unknown in an equation. Actual case: Pool the rational portions 13/12 and 20/5. Respond with the operation code.
quantity-composition/promotion/000188	Route this quantity case. Background: A discarded note talks about joining two unrelated signed amounts. Actual case: Use centimeters, rather than meters, to write the measure 434. Respond with the operation code.
quantity-composition/promotion/000189	Route this quantity case. Background: A discarded note talks about equal groups and a scale factor. Actual case: Undo the linear balance 787=3+16*x and report x. Respond with the operation code.
quantity-composition/promotion/000190	Route this quantity case. Background: A discarded note talks about restating meters in centimeters. Actual case: Place 336 on top of -352 and report the combined amount. Respond with the operation code.
quantity-composition/promotion/000191	Route this quantity case. Background: A discarded note talks about isolating an unknown in an equation. Actual case: Enlarge the signed value -4 by a scale of 41. Respond with the operation code.
quantity-composition/promotion/000192	Route this quantity case. Background: A discarded note talks about joining two unrelated signed amounts. Actual case: Place the share -20/4 alongside the existing share 10/20. Respond with the operation code.
quantity-composition/promotion/000193	Route this quantity case. Background: A discarded note talks about equal groups and a scale factor. Actual case: Move 211 meters onto an equivalent centimeters unit scale. Respond with the operation code.
quantity-composition/promotion/000194	Route this quantity case. Background: A discarded note talks about pooling two fractional shares. Actual case: The expression 24*x+-72 lands on 240; identify x. Respond with the operation code.
quantity-composition/promotion/000195	Route this quantity case. Background: A discarded note talks about isolating an unknown in an equation. Actual case: Determine their joint signed total: 97 with -269. Respond with the operation code.
quantity-composition/promotion/000196	Route this quantity case. Background: A discarded note talks about joining two unrelated signed amounts. Actual case: Determine the repeated-group amount for -10 groups of -14. Respond with the operation code.
quantity-composition/promotion/000197	Route this quantity case. Background: A discarded note talks about equal groups and a scale factor. Actual case: Determine the joint rational amount for -10/16 with -12/17. Respond with the operation code.
quantity-composition/promotion/000198	Route this quantity case. Background: A discarded note talks about pooling two fractional shares. Actual case: Give the centimeters form of a quantity recorded as 662 meters. Respond with the operation code.
quantity-composition/promotion/000199	Route this quantity case. Background: A discarded note talks about restating meters in centimeters. Actual case: Supply the missing number x that satisfies 5*x+15=-30. Respond with the operation code.
quantity-composition/promotion/000200	Route this quantity case. Background: A discarded note talks about equal groups and a scale factor. Actual case: What amount results when 19 is added onto 344? Respond with the operation code.
quantity-composition/promotion/000201	Route this quantity case. Background: A discarded note talks about pooling two fractional shares. Actual case: What is produced by 42 copies of 3? Respond with the operation code.
quantity-composition/promotion/000202	Route this quantity case. Background: A discarded note talks about restating meters in centimeters. Actual case: What combined fraction is formed from -8/23 plus 21/1? Respond with the operation code.
quantity-composition/promotion/000203	Route this quantity case. Background: A discarded note talks about isolating an unknown in an equation. Actual case: How many millimeters represent the same length or mass as 453 centimeters? Respond with the operation code.
quantity-composition/promotion/000204	Route this quantity case. Background: A discarded note talks about joining two unrelated signed amounts. Actual case: What value must x have for 5*x+-36 to equal -341? Respond with the operation code.
quantity-composition/promotion/000205	Route this quantity case. Background: A discarded note talks about pooling two fractional shares. Actual case: Merge a signed change of 826 into an initial 858. Respond with the operation code.
quantity-composition/promotion/000206	Route this quantity case. Background: A discarded note talks about restating meters in centimeters. Actual case: Combine 46 equal batches, with 41 in every batch. Respond with the operation code.
quantity-composition/promotion/000207	Route this quantity case. Background: A discarded note talks about isolating an unknown in an equation. Actual case: Pool the rational portions 7/6 and 1/4. Respond with the operation code.
quantity-composition/promotion/000208	Route this quantity case. Background: A discarded note talks about joining two unrelated signed amounts. Actual case: Use millimeters, rather than centimeters, to write the measure 445. Respond with the operation code.
quantity-composition/promotion/000209	Route this quantity case. Background: A discarded note talks about equal groups and a scale factor. Actual case: Undo the linear balance -918=-18+20*x and report x. Respond with the operation code.
quantity-composition/promotion/000210	Route this quantity case. Background: A discarded note talks about restating meters in centimeters. Actual case: Place 504 on top of -652 and report the combined amount. Respond with the operation code.
quantity-composition/promotion/000211	Route this quantity case. Background: A discarded note talks about isolating an unknown in an equation. Actual case: Enlarge the signed value 45 by a scale of -16. Respond with the operation code.
quantity-composition/promotion/000212	Route this quantity case. Background: A discarded note talks about joining two unrelated signed amounts. Actual case: Place the share -3/13 alongside the existing share 8/5. Respond with the operation code.
quantity-composition/promotion/000213	Route this quantity case. Background: A discarded note talks about equal groups and a scale factor. Actual case: Move 62 meters onto an equivalent centimeters unit scale. Respond with the operation code.
quantity-composition/promotion/000214	Route this quantity case. Background: A discarded note talks about pooling two fractional shares. Actual case: The expression 6*x+66 lands on -366; identify x. Respond with the operation code.
quantity-composition/promotion/000215	Route this quantity case. Background: A discarded note talks about isolating an unknown in an equation. Actual case: Determine their joint signed total: -559 with 329. Respond with the operation code.
quantity-composition/promotion/000216	Route this quantity case. Background: A discarded note talks about joining two unrelated signed amounts. Actual case: Determine the repeated-group amount for -4 groups of 22. Respond with the operation code.
quantity-composition/promotion/000217	Route this quantity case. Background: A discarded note talks about equal groups and a scale factor. Actual case: Determine the joint rational amount for 18/5 with -8/9. Respond with the operation code.
quantity-composition/promotion/000218	Route this quantity case. Background: A discarded note talks about pooling two fractional shares. Actual case: Give the grams form of a quantity recorded as 82 kilograms. Respond with the operation code.
quantity-composition/promotion/000219	Route this quantity case. Background: A discarded note talks about restating meters in centimeters. Actual case: Supply the missing number x that satisfies 18*x+63=-1629. Respond with the operation code.
quantity-composition/promotion/000220	Route this quantity case. Background: A discarded note talks about equal groups and a scale factor. Actual case: What amount results when -420 is added onto 800? Respond with the operation code.
quantity-composition/promotion/000221	Route this quantity case. Background: A discarded note talks about pooling two fractional shares. Actual case: What is produced by 1 copies of 21? Respond with the operation code.
quantity-composition/promotion/000222	Route this quantity case. Background: A discarded note talks about restating meters in centimeters. Actual case: What combined fraction is formed from 24/10 plus -20/11? Respond with the operation code.
quantity-composition/promotion/000223	Route this quantity case. Background: A discarded note talks about isolating an unknown in an equation. Actual case: How many grams represent the same length or mass as 637 kilograms? Respond with the operation code.
quantity-composition/promotion/000224	Route this quantity case. Background: A discarded note talks about joining two unrelated signed amounts. Actual case: What value must x have for 22*x+45 to equal 1277? Respond with the operation code.
quantity-composition/promotion/000225	Route this quantity case. Background: A discarded note talks about pooling two fractional shares. Actual case: Merge a signed change of -397 into an initial -194. Respond with the operation code.
quantity-composition/promotion/000226	Route this quantity case. Background: A discarded note talks about restating meters in centimeters. Actual case: Combine -2 equal batches, with 45 in every batch. Respond with the operation code.
quantity-composition/promotion/000227	Route this quantity case. Background: A discarded note talks about isolating an unknown in an equation. Actual case: Pool the rational portions -1/15 and 23/10. Respond with the operation code.
quantity-composition/promotion/000228	Route this quantity case. Background: A discarded note talks about joining two unrelated signed amounts. Actual case: Use centimeters, rather than meters, to write the measure 459. Respond with the operation code.
quantity-composition/promotion/000229	Route this quantity case. Background: A discarded note talks about equal groups and a scale factor. Actual case: Undo the linear balance 220=-14+18*x and report x. Respond with the operation code.
quantity-composition/promotion/000230	Route this quantity case. Background: A discarded note talks about restating meters in centimeters. Actual case: Place 83 on top of 18 and report the combined amount. Respond with the operation code.
quantity-composition/promotion/000231	Route this quantity case. Background: A discarded note talks about isolating an unknown in an equation. Actual case: Enlarge the signed value -23 by a scale of 42. Respond with the operation code.
quantity-composition/promotion/000232	Route this quantity case. Background: A discarded note talks about joining two unrelated signed amounts. Actual case: Place the share -19/4 alongside the existing share 14/6. Respond with the operation code.
quantity-composition/promotion/000233	Route this quantity case. Background: A discarded note talks about equal groups and a scale factor. Actual case: Move 742 meters onto an equivalent centimeters unit scale. Respond with the operation code.
quantity-composition/promotion/000234	Route this quantity case. Background: A discarded note talks about pooling two fractional shares. Actual case: The expression 22*x+-46 lands on 482; identify x. Respond with the operation code.
quantity-composition/promotion/000235	Route this quantity case. Background: A discarded note talks about isolating an unknown in an equation. Actual case: Determine their joint signed total: -361 with -885. Respond with the operation code.
quantity-composition/promotion/000236	Route this quantity case. Background: A discarded note talks about joining two unrelated signed amounts. Actual case: Determine the repeated-group amount for 20 groups of -34. Respond with the operation code.
quantity-composition/promotion/000237	Route this quantity case. Background: A discarded note talks about equal groups and a scale factor. Actual case: Determine the joint rational amount for 18/18 with -22/9. Respond with the operation code.
quantity-composition/promotion/000238	Route this quantity case. Background: A discarded note talks about pooling two fractional shares. Actual case: Give the grams form of a quantity recorded as 461 kilograms. Respond with the operation code.
quantity-composition/promotion/000239	Route this quantity case. Background: A discarded note talks about restating meters in centimeters. Actual case: Supply the missing number x that satisfies 7*x+-26=415. Respond with the operation code.
quantity-composition/promotion/000240	Route this quantity case. Background: A discarded note talks about equal groups and a scale factor. Actual case: What amount results when -335 is added onto -190? Respond with the operation code.
quantity-composition/promotion/000241	Route this quantity case. Background: A discarded note talks about pooling two fractional shares. Actual case: What is produced by 34 copies of 13? Respond with the operation code.
quantity-composition/promotion/000242	Route this quantity case. Background: A discarded note talks about restating meters in centimeters. Actual case: What combined fraction is formed from -19/20 plus -1/3? Respond with the operation code.
quantity-composition/promotion/000243	Route this quantity case. Background: A discarded note talks about isolating an unknown in an equation. Actual case: How many centimeters represent the same length or mass as 996 meters? Respond with the operation code.
quantity-composition/promotion/000244	Route this quantity case. Background: A discarded note talks about joining two unrelated signed amounts. Actual case: What value must x have for 1*x+90 to equal 86? Respond with the operation code.
quantity-composition/promotion/000245	Route this quantity case. Background: A discarded note talks about pooling two fractional shares. Actual case: Merge a signed change of 523 into an initial -738. Respond with the operation code.
quantity-composition/promotion/000246	Route this quantity case. Background: A discarded note talks about restating meters in centimeters. Actual case: Combine -29 equal batches, with 10 in every batch. Respond with the operation code.
quantity-composition/promotion/000247	Route this quantity case. Background: A discarded note talks about isolating an unknown in an equation. Actual case: Pool the rational portions -15/13 and -13/22. Respond with the operation code.
quantity-composition/promotion/000248	Route this quantity case. Background: A discarded note talks about joining two unrelated signed amounts. Actual case: Use grams, rather than kilograms, to write the measure 827. Respond with the operation code.
quantity-composition/promotion/000249	Route this quantity case. Background: A discarded note talks about equal groups and a scale factor. Actual case: Undo the linear balance 765=85+20*x and report x. Respond with the operation code.
quantity-composition/promotion/000250	Route this quantity case. Background: A discarded note talks about restating meters in centimeters. Actual case: Place -999 on top of -461 and report the combined amount. Respond with the operation code.
quantity-composition/promotion/000251	Route this quantity case. Background: A discarded note talks about isolating an unknown in an equation. Actual case: Enlarge the signed value 32 by a scale of 25. Respond with the operation code.
quantity-composition/promotion/000252	Route this quantity case. Background: A discarded note talks about joining two unrelated signed amounts. Actual case: Place the share 22/9 alongside the existing share 22/1. Respond with the operation code.
quantity-composition/promotion/000253	Route this quantity case. Background: A discarded note talks about equal groups and a scale factor. Actual case: Move 99 meters onto an equivalent centimeters unit scale. Respond with the operation code.
quantity-composition/promotion/000254	Route this quantity case. Background: A discarded note talks about pooling two fractional shares. Actual case: The expression 23*x+91 lands on -783; identify x. Respond with the operation code.
quantity-composition/promotion/000255	Route this quantity case. Background: A discarded note talks about isolating an unknown in an equation. Actual case: Determine their joint signed total: -430 with 95. Respond with the operation code.
quantity-composition/promotion/000256	Route this quantity case. Background: A discarded note talks about joining two unrelated signed amounts. Actual case: Determine the repeated-group amount for 49 groups of -40. Respond with the operation code.
quantity-composition/promotion/000257	Route this quantity case. Background: A discarded note talks about equal groups and a scale factor. Actual case: Determine the joint rational amount for 15/6 with 19/4. Respond with the operation code.
quantity-composition/promotion/000258	Route this quantity case. Background: A discarded note talks about pooling two fractional shares. Actual case: Give the grams form of a quantity recorded as 465 kilograms. Respond with the operation code.
quantity-composition/promotion/000259	Route this quantity case. Background: A discarded note talks about restating meters in centimeters. Actual case: Supply the missing number x that satisfies 5*x+36=331. Respond with the operation code.
quantity-composition/promotion/000260	Route this quantity case. Background: A discarded note talks about equal groups and a scale factor. Actual case: What amount results when 876 is added onto 414? Respond with the operation code.
quantity-composition/promotion/000261	Route this quantity case. Background: A discarded note talks about pooling two fractional shares. Actual case: What is produced by 41 copies of 20? Respond with the operation code.
quantity-composition/promotion/000262	Route this quantity case. Background: A discarded note talks about restating meters in centimeters. Actual case: What combined fraction is formed from -12/15 plus 1/3? Respond with the operation code.
quantity-composition/promotion/000263	Route this quantity case. Background: A discarded note talks about isolating an unknown in an equation. Actual case: How many grams represent the same length or mass as 435 kilograms? Respond with the operation code.
quantity-composition/promotion/000264	Route this quantity case. Background: A discarded note talks about joining two unrelated signed amounts. Actual case: What value must x have for 4*x+31 to equal -5? Respond with the operation code.
quantity-composition/promotion/000265	Route this quantity case. Background: A discarded note talks about pooling two fractional shares. Actual case: Merge a signed change of 858 into an initial 989. Respond with the operation code.
quantity-composition/promotion/000266	Route this quantity case. Background: A discarded note talks about restating meters in centimeters. Actual case: Combine 41 equal batches, with 38 in every batch. Respond with the operation code.
quantity-composition/promotion/000267	Route this quantity case. Background: A discarded note talks about isolating an unknown in an equation. Actual case: Pool the rational portions -20/24 and 5/24. Respond with the operation code.
quantity-composition/promotion/000268	Route this quantity case. Background: A discarded note talks about joining two unrelated signed amounts. Actual case: Use centimeters, rather than meters, to write the measure 538. Respond with the operation code.
quantity-composition/promotion/000269	Route this quantity case. Background: A discarded note talks about equal groups and a scale factor. Actual case: Undo the linear balance 373=-7+4*x and report x. Respond with the operation code.
quantity-composition/promotion/000270	Route this quantity case. Background: A discarded note talks about restating meters in centimeters. Actual case: Place -474 on top of 122 and report the combined amount. Respond with the operation code.
quantity-composition/promotion/000271	Route this quantity case. Background: A discarded note talks about isolating an unknown in an equation. Actual case: Enlarge the signed value -38 by a scale of -9. Respond with the operation code.
quantity-composition/promotion/000272	Route this quantity case. Background: A discarded note talks about joining two unrelated signed amounts. Actual case: Place the share 5/10 alongside the existing share -11/8. Respond with the operation code.
quantity-composition/promotion/000273	Route this quantity case. Background: A discarded note talks about equal groups and a scale factor. Actual case: Move 554 centimeters onto an equivalent millimeters unit scale. Respond with the operation code.
quantity-composition/promotion/000274	Route this quantity case. Background: A discarded note talks about pooling two fractional shares. Actual case: The expression 24*x+-71 lands on -959; identify x. Respond with the operation code.
quantity-composition/promotion/000275	Route this quantity case. Background: A discarded note talks about isolating an unknown in an equation. Actual case: Determine their joint signed total: 899 with 215. Respond with the operation code.
quantity-composition/promotion/000276	Route this quantity case. Background: A discarded note talks about joining two unrelated signed amounts. Actual case: Determine the repeated-group amount for -19 groups of 2. Respond with the operation code.
quantity-composition/promotion/000277	Route this quantity case. Background: A discarded note talks about equal groups and a scale factor. Actual case: Determine the joint rational amount for -23/14 with -18/4. Respond with the operation code.
quantity-composition/promotion/000278	Route this quantity case. Background: A discarded note talks about pooling two fractional shares. Actual case: Give the grams form of a quantity recorded as 771 kilograms. Respond with the operation code.
quantity-composition/promotion/000279	Route this quantity case. Background: A discarded note talks about restating meters in centimeters. Actual case: Supply the missing number x that satisfies 12*x+69=-1095. Respond with the operation code.
quantity-composition/promotion/000280	Route this quantity case. Background: A discarded note talks about equal groups and a scale factor. Actual case: What amount results when 15 is added onto -67? Respond with the operation code.
quantity-composition/promotion/000281	Route this quantity case. Background: A discarded note talks about pooling two fractional shares. Actual case: What is produced by 19 copies of 43? Respond with the operation code.
quantity-composition/promotion/000282	Route this quantity case. Background: A discarded note talks about restating meters in centimeters. Actual case: What combined fraction is formed from 18/2 plus 2/9? Respond with the operation code.
quantity-composition/promotion/000283	Route this quantity case. Background: A discarded note talks about isolating an unknown in an equation. Actual case: How many millimeters represent the same length or mass as 800 centimeters? Respond with the operation code.
quantity-composition/promotion/000284	Route this quantity case. Background: A discarded note talks about joining two unrelated signed amounts. Actual case: What value must x have for 5*x+-6 to equal 64? Respond with the operation code.
quantity-composition/promotion/000285	Route this quantity case. Background: A discarded note talks about pooling two fractional shares. Actual case: Merge a signed change of 107 into an initial 192. Respond with the operation code.
quantity-composition/promotion/000286	Route this quantity case. Background: A discarded note talks about restating meters in centimeters. Actual case: Combine -21 equal batches, with 15 in every batch. Respond with the operation code.
quantity-composition/promotion/000287	Route this quantity case. Background: A discarded note talks about isolating an unknown in an equation. Actual case: Pool the rational portions -3/18 and -15/6. Respond with the operation code.
quantity-composition/promotion/000288	Route this quantity case. Background: A discarded note talks about joining two unrelated signed amounts. Actual case: Use grams, rather than kilograms, to write the measure 438. Respond with the operation code.
quantity-composition/promotion/000289	Route this quantity case. Background: A discarded note talks about equal groups and a scale factor. Actual case: Undo the linear balance -7=-31+2*x and report x. Respond with the operation code.
quantity-composition/promotion/000290	Route this quantity case. Background: A discarded note talks about restating meters in centimeters. Actual case: Place -654 on top of 777 and report the combined amount. Respond with the operation code.
quantity-composition/promotion/000291	Route this quantity case. Background: A discarded note talks about isolating an unknown in an equation. Actual case: Enlarge the signed value 3 by a scale of -26. Respond with the operation code.
quantity-composition/promotion/000292	Route this quantity case. Background: A discarded note talks about joining two unrelated signed amounts. Actual case: Place the share -17/10 alongside the existing share 5/1. Respond with the operation code.
quantity-composition/promotion/000293	Route this quantity case. Background: A discarded note talks about equal groups and a scale factor. Actual case: Move 136 centimeters onto an equivalent millimeters unit scale. Respond with the operation code.
quantity-composition/promotion/000294	Route this quantity case. Background: A discarded note talks about pooling two fractional shares. Actual case: The expression 22*x+-45 lands on -199; identify x. Respond with the operation code.
quantity-composition/promotion/000295	Route this quantity case. Background: A discarded note talks about isolating an unknown in an equation. Actual case: Determine their joint signed total: -90 with -425. Respond with the operation code.
quantity-composition/promotion/000296	Route this quantity case. Background: A discarded note talks about joining two unrelated signed amounts. Actual case: Determine the repeated-group amount for 26 groups of 14. Respond with the operation code.
quantity-composition/promotion/000297	Route this quantity case. Background: A discarded note talks about equal groups and a scale factor. Actual case: Determine the joint rational amount for -23/11 with -22/1. Respond with the operation code.
quantity-composition/promotion/000298	Route this quantity case. Background: A discarded note talks about pooling two fractional shares. Actual case: Give the grams form of a quantity recorded as 443 kilograms. Respond with the operation code.
quantity-composition/promotion/000299	Route this quantity case. Background: A discarded note talks about restating meters in centimeters. Actual case: Supply the missing number x that satisfies 15*x+-13=-313. Respond with the operation code.
quantity-composition/promotion/000300	Route this quantity case. Background: A discarded note talks about equal groups and a scale factor. Actual case: What amount results when -636 is added onto 850? Respond with the operation code.
quantity-composition/promotion/000301	Route this quantity case. Background: A discarded note talks about pooling two fractional shares. Actual case: What is produced by 25 copies of -15? Respond with the operation code.
quantity-composition/promotion/000302	Route this quantity case. Background: A discarded note talks about restating meters in centimeters. Actual case: What combined fraction is formed from 19/7 plus -11/16? Respond with the operation code.
quantity-composition/promotion/000303	Route this quantity case. Background: A discarded note talks about isolating an unknown in an equation. Actual case: How many millimeters represent the same length or mass as 634 centimeters? Respond with the operation code.
quantity-composition/promotion/000304	Route this quantity case. Background: A discarded note talks about joining two unrelated signed amounts. Actual case: What value must x have for 6*x+-75 to equal -171? Respond with the operation code.
quantity-composition/promotion/000305	Route this quantity case. Background: A discarded note talks about pooling two fractional shares. Actual case: Merge a signed change of -661 into an initial 946. Respond with the operation code.
quantity-composition/promotion/000306	Route this quantity case. Background: A discarded note talks about restating meters in centimeters. Actual case: Combine -48 equal batches, with -45 in every batch. Respond with the operation code.
quantity-composition/promotion/000307	Route this quantity case. Background: A discarded note talks about isolating an unknown in an equation. Actual case: Pool the rational portions 12/17 and 7/17. Respond with the operation code.
quantity-composition/promotion/000308	Route this quantity case. Background: A discarded note talks about joining two unrelated signed amounts. Actual case: Use centimeters, rather than meters, to write the measure 73. Respond with the operation code.
quantity-composition/promotion/000309	Route this quantity case. Background: A discarded note talks about equal groups and a scale factor. Actual case: Undo the linear balance -170=-53+13*x and report x. Respond with the operation code.
quantity-composition/promotion/000310	Route this quantity case. Background: A discarded note talks about restating meters in centimeters. Actual case: Place -964 on top of 215 and report the combined amount. Respond with the operation code.
quantity-composition/promotion/000311	Route this quantity case. Background: A discarded note talks about isolating an unknown in an equation. Actual case: Enlarge the signed value 11 by a scale of 41. Respond with the operation code.
quantity-composition/promotion/000312	Route this quantity case. Background: A discarded note talks about joining two unrelated signed amounts. Actual case: Place the share -23/7 alongside the existing share -4/10. Respond with the operation code.
quantity-composition/promotion/000313	Route this quantity case. Background: A discarded note talks about equal groups and a scale factor. Actual case: Move 222 centimeters onto an equivalent millimeters unit scale. Respond with the operation code.
quantity-composition/promotion/000314	Route this quantity case. Background: A discarded note talks about pooling two fractional shares. Actual case: The expression 11*x+-27 lands on -665; identify x. Respond with the operation code.
quantity-composition/promotion/000315	Route this quantity case. Background: A discarded note talks about isolating an unknown in an equation. Actual case: Determine their joint signed total: 978 with -762. Respond with the operation code.
quantity-composition/promotion/000316	Route this quantity case. Background: A discarded note talks about joining two unrelated signed amounts. Actual case: Determine the repeated-group amount for 41 groups of 16. Respond with the operation code.
quantity-composition/promotion/000317	Route this quantity case. Background: A discarded note talks about equal groups and a scale factor. Actual case: Determine the joint rational amount for -23/9 with -18/13. Respond with the operation code.
quantity-composition/promotion/000318	Route this quantity case. Background: A discarded note talks about pooling two fractional shares. Actual case: Give the centimeters form of a quantity recorded as 534 meters. Respond with the operation code.
quantity-composition/promotion/000319	Route this quantity case. Background: A discarded note talks about restating meters in centimeters. Actual case: Supply the missing number x that satisfies 8*x+-21=659. Respond with the operation code.
quantity-composition/promotion/000320	Route this quantity case. Background: A discarded note talks about equal groups and a scale factor. Actual case: What amount results when 600 is added onto 678? Respond with the operation code.
quantity-composition/promotion/000321	Route this quantity case. Background: A discarded note talks about pooling two fractional shares. Actual case: What is produced by -13 copies of 7? Respond with the operation code.
quantity-composition/promotion/000322	Route this quantity case. Background: A discarded note talks about restating meters in centimeters. Actual case: What combined fraction is formed from 22/21 plus 22/8? Respond with the operation code.
quantity-composition/promotion/000323	Route this quantity case. Background: A discarded note talks about isolating an unknown in an equation. Actual case: How many grams represent the same length or mass as 993 kilograms? Respond with the operation code.
quantity-composition/promotion/000324	Route this quantity case. Background: A discarded note talks about joining two unrelated signed amounts. Actual case: What value must x have for 17*x+-40 to equal 776? Respond with the operation code.
quantity-composition/promotion/000325	Route this quantity case. Background: A discarded note talks about pooling two fractional shares. Actual case: Merge a signed change of 573 into an initial 84. Respond with the operation code.
quantity-composition/promotion/000326	Route this quantity case. Background: A discarded note talks about restating meters in centimeters. Actual case: Combine 28 equal batches, with -16 in every batch. Respond with the operation code.
quantity-composition/promotion/000327	Route this quantity case. Background: A discarded note talks about isolating an unknown in an equation. Actual case: Pool the rational portions -1/11 and -15/23. Respond with the operation code.
quantity-composition/promotion/000328	Route this quantity case. Background: A discarded note talks about joining two unrelated signed amounts. Actual case: Use grams, rather than kilograms, to write the measure 482. Respond with the operation code.
quantity-composition/promotion/000329	Route this quantity case. Background: A discarded note talks about equal groups and a scale factor. Actual case: Undo the linear balance -939=69+18*x and report x. Respond with the operation code.
quantity-composition/promotion/000330	Route this quantity case. Background: A discarded note talks about restating meters in centimeters. Actual case: Place -624 on top of 906 and report the combined amount. Respond with the operation code.
quantity-composition/promotion/000331	Route this quantity case. Background: A discarded note talks about isolating an unknown in an equation. Actual case: Enlarge the signed value 2 by a scale of 24. Respond with the operation code.
quantity-composition/promotion/000332	Route this quantity case. Background: A discarded note talks about joining two unrelated signed amounts. Actual case: Place the share 10/17 alongside the existing share 15/6. Respond with the operation code.
quantity-composition/promotion/000333	Route this quantity case. Background: A discarded note talks about equal groups and a scale factor. Actual case: Move 955 meters onto an equivalent centimeters unit scale. Respond with the operation code.
quantity-composition/promotion/000334	Route this quantity case. Background: A discarded note talks about pooling two fractional shares. Actual case: The expression 21*x+55 lands on 1483; identify x. Respond with the operation code.
quantity-composition/promotion/000335	Route this quantity case. Background: A discarded note talks about isolating an unknown in an equation. Actual case: Determine their joint signed total: 516 with -746. Respond with the operation code.
quantity-composition/promotion/000336	Route this quantity case. Background: A discarded note talks about joining two unrelated signed amounts. Actual case: Determine the repeated-group amount for 30 groups of 39. Respond with the operation code.
quantity-composition/promotion/000337	Route this quantity case. Background: A discarded note talks about equal groups and a scale factor. Actual case: Determine the joint rational amount for -23/2 with -19/10. Respond with the operation code.
quantity-composition/promotion/000338	Route this quantity case. Background: A discarded note talks about pooling two fractional shares. Actual case: Give the millimeters form of a quantity recorded as 727 centimeters. Respond with the operation code.
quantity-composition/promotion/000339	Route this quantity case. Background: A discarded note talks about restating meters in centimeters. Actual case: Supply the missing number x that satisfies 8*x+55=815. Respond with the operation code.
quantity-composition/promotion/000340	Route this quantity case. Background: A discarded note talks about equal groups and a scale factor. Actual case: What amount results when 743 is added onto -101? Respond with the operation code.
quantity-composition/promotion/000341	Route this quantity case. Background: A discarded note talks about pooling two fractional shares. Actual case: What is produced by -38 copies of -45? Respond with the operation code.
quantity-composition/promotion/000342	Route this quantity case. Background: A discarded note talks about restating meters in centimeters. Actual case: What combined fraction is formed from 8/10 plus 23/22? Respond with the operation code.
quantity-composition/promotion/000343	Route this quantity case. Background: A discarded note talks about isolating an unknown in an equation. Actual case: How many grams represent the same length or mass as 925 kilograms? Respond with the operation code.
quantity-composition/promotion/000344	Route this quantity case. Background: A discarded note talks about joining two unrelated signed amounts. Actual case: What value must x have for 15*x+-17 to equal -767? Respond with the operation code.
quantity-composition/promotion/000345	Route this quantity case. Background: A discarded note talks about pooling two fractional shares. Actual case: Merge a signed change of 825 into an initial 506. Respond with the operation code.
quantity-composition/promotion/000346	Route this quantity case. Background: A discarded note talks about restating meters in centimeters. Actual case: Combine -30 equal batches, with 25 in every batch. Respond with the operation code.
quantity-composition/promotion/000347	Route this quantity case. Background: A discarded note talks about isolating an unknown in an equation. Actual case: Pool the rational portions -5/20 and -22/20. Respond with the operation code.
quantity-composition/promotion/000348	Route this quantity case. Background: A discarded note talks about joining two unrelated signed amounts. Actual case: Use millimeters, rather than centimeters, to write the measure 492. Respond with the operation code.
quantity-composition/promotion/000349	Route this quantity case. Background: A discarded note talks about equal groups and a scale factor. Actual case: Undo the linear balance -1247=1+24*x and report x. Respond with the operation code.
quantity-composition/promotion/000350	Route this quantity case. Background: A discarded note talks about restating meters in centimeters. Actual case: Place 463 on top of 781 and report the combined amount. Respond with the operation code.
quantity-composition/promotion/000351	Route this quantity case. Background: A discarded note talks about isolating an unknown in an equation. Actual case: Enlarge the signed value -48 by a scale of -35. Respond with the operation code.
quantity-composition/promotion/000352	Route this quantity case. Background: A discarded note talks about joining two unrelated signed amounts. Actual case: Place the share -23/23 alongside the existing share -8/17. Respond with the operation code.
quantity-composition/promotion/000353	Route this quantity case. Background: A discarded note talks about equal groups and a scale factor. Actual case: Move 700 centimeters onto an equivalent millimeters unit scale. Respond with the operation code.
quantity-composition/promotion/000354	Route this quantity case. Background: A discarded note talks about pooling two fractional shares. Actual case: The expression 1*x+-53 lands on -22; identify x. Respond with the operation code.
quantity-composition/promotion/000355	Route this quantity case. Background: A discarded note talks about isolating an unknown in an equation. Actual case: Determine their joint signed total: -599 with 563. Respond with the operation code.
quantity-composition/promotion/000356	Route this quantity case. Background: A discarded note talks about joining two unrelated signed amounts. Actual case: Determine the repeated-group amount for -13 groups of -45. Respond with the operation code.
quantity-composition/promotion/000357	Route this quantity case. Background: A discarded note talks about equal groups and a scale factor. Actual case: Determine the joint rational amount for 5/9 with -20/21. Respond with the operation code.
quantity-composition/promotion/000358	Route this quantity case. Background: A discarded note talks about pooling two fractional shares. Actual case: Give the centimeters form of a quantity recorded as 347 meters. Respond with the operation code.
quantity-composition/promotion/000359	Route this quantity case. Background: A discarded note talks about restating meters in centimeters. Actual case: Supply the missing number x that satisfies 4*x+-24=192. Respond with the operation code.
quantity-composition/promotion/000360	Route this quantity case. Background: A discarded note talks about equal groups and a scale factor. Actual case: What amount results when 673 is added onto -296? Respond with the operation code.
quantity-composition/promotion/000361	Route this quantity case. Background: A discarded note talks about pooling two fractional shares. Actual case: What is produced by -24 copies of 28? Respond with the operation code.
quantity-composition/promotion/000362	Route this quantity case. Background: A discarded note talks about restating meters in centimeters. Actual case: What combined fraction is formed from -4/21 plus -16/24? Respond with the operation code.
quantity-composition/promotion/000363	Route this quantity case. Background: A discarded note talks about isolating an unknown in an equation. Actual case: How many centimeters represent the same length or mass as 933 meters? Respond with the operation code.
quantity-composition/promotion/000364	Route this quantity case. Background: A discarded note talks about joining two unrelated signed amounts. Actual case: What value must x have for 22*x+-23 to equal -1101? Respond with the operation code.
quantity-composition/promotion/000365	Route this quantity case. Background: A discarded note talks about pooling two fractional shares. Actual case: Merge a signed change of 171 into an initial 754. Respond with the operation code.
quantity-composition/promotion/000366	Route this quantity case. Background: A discarded note talks about restating meters in centimeters. Actual case: Combine 46 equal batches, with -44 in every batch. Respond with the operation code.
quantity-composition/promotion/000367	Route this quantity case. Background: A discarded note talks about isolating an unknown in an equation. Actual case: Pool the rational portions 16/4 and 23/10. Respond with the operation code.
quantity-composition/promotion/000368	Route this quantity case. Background: A discarded note talks about joining two unrelated signed amounts. Actual case: Use millimeters, rather than centimeters, to write the measure 957. Respond with the operation code.
quantity-composition/promotion/000369	Route this quantity case. Background: A discarded note talks about equal groups and a scale factor. Actual case: Undo the linear balance 370=-10+19*x and report x. Respond with the operation code.
quantity-composition/promotion/000370	Route this quantity case. Background: A discarded note talks about restating meters in centimeters. Actual case: Place 324 on top of -422 and report the combined amount. Respond with the operation code.
quantity-composition/promotion/000371	Route this quantity case. Background: A discarded note talks about isolating an unknown in an equation. Actual case: Enlarge the signed value -6 by a scale of 7. Respond with the operation code.
quantity-composition/promotion/000372	Route this quantity case. Background: A discarded note talks about joining two unrelated signed amounts. Actual case: Place the share 21/21 alongside the existing share 11/20. Respond with the operation code.
quantity-composition/promotion/000373	Route this quantity case. Background: A discarded note talks about equal groups and a scale factor. Actual case: Move 314 centimeters onto an equivalent millimeters unit scale. Respond with the operation code.
quantity-composition/promotion/000374	Route this quantity case. Background: A discarded note talks about pooling two fractional shares. Actual case: The expression 8*x+-78 lands on -542; identify x. Respond with the operation code.
quantity-composition/promotion/000375	Route this quantity case. Background: A discarded note talks about isolating an unknown in an equation. Actual case: Determine their joint signed total: -977 with 120. Respond with the operation code.
quantity-composition/promotion/000376	Route this quantity case. Background: A discarded note talks about joining two unrelated signed amounts. Actual case: Determine the repeated-group amount for 41 groups of -3. Respond with the operation code.
quantity-composition/promotion/000377	Route this quantity case. Background: A discarded note talks about equal groups and a scale factor. Actual case: Determine the joint rational amount for -18/16 with 5/16. Respond with the operation code.
quantity-composition/promotion/000378	Route this quantity case. Background: A discarded note talks about pooling two fractional shares. Actual case: Give the grams form of a quantity recorded as 676 kilograms. Respond with the operation code.
quantity-composition/promotion/000379	Route this quantity case. Background: A discarded note talks about restating meters in centimeters. Actual case: Supply the missing number x that satisfies 18*x+65=-835. Respond with the operation code.
quantity-composition/promotion/000380	Route this quantity case. Background: A discarded note talks about equal groups and a scale factor. Actual case: What amount results when 699 is added onto -522? Respond with the operation code.
quantity-composition/promotion/000381	Route this quantity case. Background: A discarded note talks about pooling two fractional shares. Actual case: What is produced by -10 copies of -11? Respond with the operation code.
quantity-composition/promotion/000382	Route this quantity case. Background: A discarded note talks about restating meters in centimeters. Actual case: What combined fraction is formed from -18/10 plus -12/17? Respond with the operation code.
quantity-composition/promotion/000383	Route this quantity case. Background: A discarded note talks about isolating an unknown in an equation. Actual case: How many centimeters represent the same length or mass as 563 meters? Respond with the operation code.
quantity-composition/promotion/000384	Route this quantity case. Background: A discarded note talks about joining two unrelated signed amounts. Actual case: What value must x have for 16*x+-88 to equal -760? Respond with the operation code.
quantity-composition/promotion/000385	Route this quantity case. Background: A discarded note talks about pooling two fractional shares. Actual case: Merge a signed change of 886 into an initial -923. Respond with the operation code.
quantity-composition/promotion/000386	Route this quantity case. Background: A discarded note talks about restating meters in centimeters. Actual case: Combine -33 equal batches, with -14 in every batch. Respond with the operation code.
quantity-composition/promotion/000387	Route this quantity case. Background: A discarded note talks about isolating an unknown in an equation. Actual case: Pool the rational portions 3/15 and -12/6. Respond with the operation code.
quantity-composition/promotion/000388	Route this quantity case. Background: A discarded note talks about joining two unrelated signed amounts. Actual case: Use centimeters, rather than meters, to write the measure 49. Respond with the operation code.
quantity-composition/promotion/000389	Route this quantity case. Background: A discarded note talks about equal groups and a scale factor. Actual case: Undo the linear balance 533=85+8*x and report x. Respond with the operation code.
quantity-composition/promotion/000390	Route this quantity case. Background: A discarded note talks about restating meters in centimeters. Actual case: Place -880 on top of -547 and report the combined amount. Respond with the operation code.
quantity-composition/promotion/000391	Route this quantity case. Background: A discarded note talks about isolating an unknown in an equation. Actual case: Enlarge the signed value -17 by a scale of -15. Respond with the operation code.
quantity-composition/promotion/000392	Route this quantity case. Background: A discarded note talks about joining two unrelated signed amounts. Actual case: Place the share -24/1 alongside the existing share 2/8. Respond with the operation code.
quantity-composition/promotion/000393	Route this quantity case. Background: A discarded note talks about equal groups and a scale factor. Actual case: Move 866 centimeters onto an equivalent millimeters unit scale. Respond with the operation code.
quantity-composition/promotion/000394	Route this quantity case. Background: A discarded note talks about pooling two fractional shares. Actual case: The expression 2*x+81 lands on -81; identify x. Respond with the operation code.
quantity-composition/promotion/000395	Route this quantity case. Background: A discarded note talks about isolating an unknown in an equation. Actual case: Determine their joint signed total: -32 with 189. Respond with the operation code.
quantity-composition/promotion/000396	Route this quantity case. Background: A discarded note talks about joining two unrelated signed amounts. Actual case: Determine the repeated-group amount for -47 groups of -17. Respond with the operation code.
quantity-composition/promotion/000397	Route this quantity case. Background: A discarded note talks about equal groups and a scale factor. Actual case: Determine the joint rational amount for 1/8 with 7/24. Respond with the operation code.
quantity-composition/promotion/000398	Route this quantity case. Background: A discarded note talks about pooling two fractional shares. Actual case: Give the millimeters form of a quantity recorded as 831 centimeters. Respond with the operation code.
quantity-composition/promotion/000399	Route this quantity case. Background: A discarded note talks about restating meters in centimeters. Actual case: Supply the missing number x that satisfies 5*x+42=332. Respond with the operation code.
quantity-composition/promotion/000400	Route this quantity case. Background: A discarded note talks about equal groups and a scale factor. Actual case: What amount results when 5 is added onto 808? Respond with the operation code.
quantity-composition/promotion/000401	Route this quantity case. Background: A discarded note talks about pooling two fractional shares. Actual case: What is produced by 46 copies of 42? Respond with the operation code.
quantity-composition/promotion/000402	Route this quantity case. Background: A discarded note talks about restating meters in centimeters. Actual case: What combined fraction is formed from 13/11 plus 23/22? Respond with the operation code.
quantity-composition/promotion/000403	Route this quantity case. Background: A discarded note talks about isolating an unknown in an equation. Actual case: How many millimeters represent the same length or mass as 519 centimeters? Respond with the operation code.
quantity-composition/promotion/000404	Route this quantity case. Background: A discarded note talks about joining two unrelated signed amounts. Actual case: What value must x have for 1*x+-56 to equal -111? Respond with the operation code.
quantity-composition/promotion/000405	Route this quantity case. Background: A discarded note talks about pooling two fractional shares. Actual case: Merge a signed change of 473 into an initial 821. Respond with the operation code.
quantity-composition/promotion/000406	Route this quantity case. Background: A discarded note talks about restating meters in centimeters. Actual case: Combine -13 equal batches, with -45 in every batch. Respond with the operation code.
quantity-composition/promotion/000407	Route this quantity case. Background: A discarded note talks about isolating an unknown in an equation. Actual case: Pool the rational portions 8/2 and 15/8. Respond with the operation code.
quantity-composition/promotion/000408	Route this quantity case. Background: A discarded note talks about joining two unrelated signed amounts. Actual case: Use grams, rather than kilograms, to write the measure 269. Respond with the operation code.
quantity-composition/promotion/000409	Route this quantity case. Background: A discarded note talks about equal groups and a scale factor. Actual case: Undo the linear balance 846=14+16*x and report x. Respond with the operation code.
quantity-composition/promotion/000410	Route this quantity case. Background: A discarded note talks about restating meters in centimeters. Actual case: Place -712 on top of 626 and report the combined amount. Respond with the operation code.
quantity-composition/promotion/000411	Route this quantity case. Background: A discarded note talks about isolating an unknown in an equation. Actual case: Enlarge the signed value -12 by a scale of -35. Respond with the operation code.
quantity-composition/promotion/000412	Route this quantity case. Background: A discarded note talks about joining two unrelated signed amounts. Actual case: Place the share 23/16 alongside the existing share -3/7. Respond with the operation code.
quantity-composition/promotion/000413	Route this quantity case. Background: A discarded note talks about equal groups and a scale factor. Actual case: Move 274 kilograms onto an equivalent grams unit scale. Respond with the operation code.
quantity-composition/promotion/000414	Route this quantity case. Background: A discarded note talks about pooling two fractional shares. Actual case: The expression 6*x+8 lands on -478; identify x. Respond with the operation code.
quantity-composition/promotion/000415	Route this quantity case. Background: A discarded note talks about isolating an unknown in an equation. Actual case: Determine their joint signed total: 843 with -552. Respond with the operation code.
quantity-composition/promotion/000416	Route this quantity case. Background: A discarded note talks about joining two unrelated signed amounts. Actual case: Determine the repeated-group amount for 5 groups of 10. Respond with the operation code.
quantity-composition/promotion/000417	Route this quantity case. Background: A discarded note talks about equal groups and a scale factor. Actual case: Determine the joint rational amount for 1/24 with 19/12. Respond with the operation code.
quantity-composition/promotion/000418	Route this quantity case. Background: A discarded note talks about pooling two fractional shares. Actual case: Give the centimeters form of a quantity recorded as 901 meters. Respond with the operation code.
quantity-composition/promotion/000419	Route this quantity case. Background: A discarded note talks about restating meters in centimeters. Actual case: Supply the missing number x that satisfies 16*x+30=-1442. Respond with the operation code.
quantity-composition/promotion/000420	Route this quantity case. Background: A discarded note talks about equal groups and a scale factor. Actual case: What amount results when -544 is added onto 823? Respond with the operation code.
quantity-composition/promotion/000421	Route this quantity case. Background: A discarded note talks about pooling two fractional shares. Actual case: What is produced by -13 copies of -42? Respond with the operation code.
quantity-composition/promotion/000422	Route this quantity case. Background: A discarded note talks about restating meters in centimeters. Actual case: What combined fraction is formed from 17/5 plus -10/3? Respond with the operation code.
quantity-composition/promotion/000423	Route this quantity case. Background: A discarded note talks about isolating an unknown in an equation. Actual case: How many millimeters represent the same length or mass as 408 centimeters? Respond with the operation code.
quantity-composition/promotion/000424	Route this quantity case. Background: A discarded note talks about joining two unrelated signed amounts. Actual case: What value must x have for 14*x+-84 to equal 994? Respond with the operation code.
quantity-composition/promotion/000425	Route this quantity case. Background: A discarded note talks about pooling two fractional shares. Actual case: Merge a signed change of -177 into an initial -715. Respond with the operation code.
quantity-composition/promotion/000426	Route this quantity case. Background: A discarded note talks about restating meters in centimeters. Actual case: Combine 23 equal batches, with -4 in every batch. Respond with the operation code.
quantity-composition/promotion/000427	Route this quantity case. Background: A discarded note talks about isolating an unknown in an equation. Actual case: Pool the rational portions -17/8 and 5/19. Respond with the operation code.
quantity-composition/promotion/000428	Route this quantity case. Background: A discarded note talks about joining two unrelated signed amounts. Actual case: Use grams, rather than kilograms, to write the measure 808. Respond with the operation code.
quantity-composition/promotion/000429	Route this quantity case. Background: A discarded note talks about equal groups and a scale factor. Actual case: Undo the linear balance -150=24+3*x and report x. Respond with the operation code.
quantity-composition/promotion/000430	Route this quantity case. Background: A discarded note talks about restating meters in centimeters. Actual case: Place -40 on top of 388 and report the combined amount. Respond with the operation code.
quantity-composition/promotion/000431	Route this quantity case. Background: A discarded note talks about isolating an unknown in an equation. Actual case: Enlarge the signed value 1 by a scale of -20. Respond with the operation code.
quantity-composition/promotion/000432	Route this quantity case. Background: A discarded note talks about joining two unrelated signed amounts. Actual case: Place the share 9/2 alongside the existing share 22/13. Respond with the operation code.
quantity-composition/promotion/000433	Route this quantity case. Background: A discarded note talks about equal groups and a scale factor. Actual case: Move 408 kilograms onto an equivalent grams unit scale. Respond with the operation code.
quantity-composition/promotion/000434	Route this quantity case. Background: A discarded note talks about pooling two fractional shares. Actual case: The expression 2*x+-47 lands on -55; identify x. Respond with the operation code.
quantity-composition/promotion/000435	Route this quantity case. Background: A discarded note talks about isolating an unknown in an equation. Actual case: Determine their joint signed total: -162 with -620. Respond with the operation code.
quantity-composition/promotion/000436	Route this quantity case. Background: A discarded note talks about joining two unrelated signed amounts. Actual case: Determine the repeated-group amount for 39 groups of 43. Respond with the operation code.
quantity-composition/promotion/000437	Route this quantity case. Background: A discarded note talks about equal groups and a scale factor. Actual case: Determine the joint rational amount for 2/7 with 19/5. Respond with the operation code.
quantity-composition/promotion/000438	Route this quantity case. Background: A discarded note talks about pooling two fractional shares. Actual case: Give the grams form of a quantity recorded as 44 kilograms. Respond with the operation code.
quantity-composition/promotion/000439	Route this quantity case. Background: A discarded note talks about restating meters in centimeters. Actual case: Supply the missing number x that satisfies 13*x+23=-1121. Respond with the operation code.
quantity-composition/promotion/000440	Route this quantity case. Background: A discarded note talks about equal groups and a scale factor. Actual case: What amount results when -453 is added onto -327? Respond with the operation code.
quantity-composition/promotion/000441	Route this quantity case. Background: A discarded note talks about pooling two fractional shares. Actual case: What is produced by 27 copies of 6? Respond with the operation code.
quantity-composition/promotion/000442	Route this quantity case. Background: A discarded note talks about restating meters in centimeters. Actual case: What combined fraction is formed from -24/4 plus -19/11? Respond with the operation code.
quantity-composition/promotion/000443	Route this quantity case. Background: A discarded note talks about isolating an unknown in an equation. Actual case: How many grams represent the same length or mass as 992 kilograms? Respond with the operation code.
quantity-composition/promotion/000444	Route this quantity case. Background: A discarded note talks about joining two unrelated signed amounts. Actual case: What value must x have for 19*x+1 to equal 970? Respond with the operation code.
quantity-composition/promotion/000445	Route this quantity case. Background: A discarded note talks about pooling two fractional shares. Actual case: Merge a signed change of -169 into an initial -278. Respond with the operation code.
quantity-composition/promotion/000446	Route this quantity case. Background: A discarded note talks about restating meters in centimeters. Actual case: Combine -20 equal batches, with 1 in every batch. Respond with the operation code.
quantity-composition/promotion/000447	Route this quantity case. Background: A discarded note talks about isolating an unknown in an equation. Actual case: Pool the rational portions 4/6 and 22/3. Respond with the operation code.
quantity-composition/promotion/000448	Route this quantity case. Background: A discarded note talks about joining two unrelated signed amounts. Actual case: Use centimeters, rather than meters, to write the measure 701. Respond with the operation code.
quantity-composition/promotion/000449	Route this quantity case. Background: A discarded note talks about equal groups and a scale factor. Actual case: Undo the linear balance 142=78+4*x and report x. Respond with the operation code.
quantity-composition/promotion/000450	Route this quantity case. Background: A discarded note talks about restating meters in centimeters. Actual case: Place 412 on top of -61 and report the combined amount. Respond with the operation code.
quantity-composition/promotion/000451	Route this quantity case. Background: A discarded note talks about isolating an unknown in an equation. Actual case: Enlarge the signed value 36 by a scale of -7. Respond with the operation code.
quantity-composition/promotion/000452	Route this quantity case. Background: A discarded note talks about joining two unrelated signed amounts. Actual case: Place the share -12/24 alongside the existing share -6/12. Respond with the operation code.
quantity-composition/promotion/000453	Route this quantity case. Background: A discarded note talks about equal groups and a scale factor. Actual case: Move 955 kilograms onto an equivalent grams unit scale. Respond with the operation code.
quantity-composition/promotion/000454	Route this quantity case. Background: A discarded note talks about pooling two fractional shares. Actual case: The expression 20*x+66 lands on 546; identify x. Respond with the operation code.
quantity-composition/promotion/000455	Route this quantity case. Background: A discarded note talks about isolating an unknown in an equation. Actual case: Determine their joint signed total: 682 with 794. Respond with the operation code.
quantity-composition/promotion/000456	Route this quantity case. Background: A discarded note talks about joining two unrelated signed amounts. Actual case: Determine the repeated-group amount for -12 groups of 11. Respond with the operation code.
quantity-composition/promotion/000457	Route this quantity case. Background: A discarded note talks about equal groups and a scale factor. Actual case: Determine the joint rational amount for 9/13 with 11/19. Respond with the operation code.
quantity-composition/promotion/000458	Route this quantity case. Background: A discarded note talks about pooling two fractional shares. Actual case: Give the grams form of a quantity recorded as 310 kilograms. Respond with the operation code.
quantity-composition/promotion/000459	Route this quantity case. Background: A discarded note talks about restating meters in centimeters. Actual case: Supply the missing number x that satisfies 1*x+82=148. Respond with the operation code.
quantity-composition/promotion/000460	Route this quantity case. Background: A discarded note talks about equal groups and a scale factor. Actual case: What amount results when 706 is added onto -928? Respond with the operation code.
quantity-composition/promotion/000461	Route this quantity case. Background: A discarded note talks about pooling two fractional shares. Actual case: What is produced by -30 copies of 24? Respond with the operation code.
quantity-composition/promotion/000462	Route this quantity case. Background: A discarded note talks about restating meters in centimeters. Actual case: What combined fraction is formed from 17/2 plus -11/15? Respond with the operation code.
quantity-composition/promotion/000463	Route this quantity case. Background: A discarded note talks about isolating an unknown in an equation. Actual case: How many grams represent the same length or mass as 681 kilograms? Respond with the operation code.
quantity-composition/promotion/000464	Route this quantity case. Background: A discarded note talks about joining two unrelated signed amounts. Actual case: What value must x have for 1*x+-40 to equal -16? Respond with the operation code.
quantity-composition/promotion/000465	Route this quantity case. Background: A discarded note talks about pooling two fractional shares. Actual case: Merge a signed change of 191 into an initial -812. Respond with the operation code.
quantity-composition/promotion/000466	Route this quantity case. Background: A discarded note talks about restating meters in centimeters. Actual case: Combine -23 equal batches, with 12 in every batch. Respond with the operation code.
quantity-composition/promotion/000467	Route this quantity case. Background: A discarded note talks about isolating an unknown in an equation. Actual case: Pool the rational portions 11/11 and 24/13. Respond with the operation code.
quantity-composition/promotion/000468	Route this quantity case. Background: A discarded note talks about joining two unrelated signed amounts. Actual case: Use grams, rather than kilograms, to write the measure 287. Respond with the operation code.
quantity-composition/promotion/000469	Route this quantity case. Background: A discarded note talks about equal groups and a scale factor. Actual case: Undo the linear balance -447=50+7*x and report x. Respond with the operation code.
quantity-composition/promotion/000470	Route this quantity case. Background: A discarded note talks about restating meters in centimeters. Actual case: Place 808 on top of -489 and report the combined amount. Respond with the operation code.
quantity-composition/promotion/000471	Route this quantity case. Background: A discarded note talks about isolating an unknown in an equation. Actual case: Enlarge the signed value -15 by a scale of -25. Respond with the operation code.
quantity-composition/promotion/000472	Route this quantity case. Background: A discarded note talks about joining two unrelated signed amounts. Actual case: Place the share 20/2 alongside the existing share -1/20. Respond with the operation code.
quantity-composition/promotion/000473	Route this quantity case. Background: A discarded note talks about equal groups and a scale factor. Actual case: Move 563 meters onto an equivalent centimeters unit scale. Respond with the operation code.
quantity-composition/promotion/000474	Route this quantity case. Background: A discarded note talks about pooling two fractional shares. Actual case: The expression 1*x+22 lands on 18; identify x. Respond with the operation code.
quantity-composition/promotion/000475	Route this quantity case. Background: A discarded note talks about isolating an unknown in an equation. Actual case: Determine their joint signed total: 496 with 217. Respond with the operation code.
quantity-composition/promotion/000476	Route this quantity case. Background: A discarded note talks about joining two unrelated signed amounts. Actual case: Determine the repeated-group amount for -42 groups of -33. Respond with the operation code.
quantity-composition/promotion/000477	Route this quantity case. Background: A discarded note talks about equal groups and a scale factor. Actual case: Determine the joint rational amount for 12/2 with -9/3. Respond with the operation code.
quantity-composition/promotion/000478	Route this quantity case. Background: A discarded note talks about pooling two fractional shares. Actual case: Give the millimeters form of a quantity recorded as 856 centimeters. Respond with the operation code.
quantity-composition/promotion/000479	Route this quantity case. Background: A discarded note talks about restating meters in centimeters. Actual case: Supply the missing number x that satisfies 21*x+94=136. Respond with the operation code.
quantity-composition/promotion/000480	Route this quantity case. Background: A discarded note talks about equal groups and a scale factor. Actual case: What amount results when -971 is added onto 692? Respond with the operation code.
quantity-composition/promotion/000481	Route this quantity case. Background: A discarded note talks about pooling two fractional shares. Actual case: What is produced by 35 copies of -25? Respond with the operation code.
quantity-composition/promotion/000482	Route this quantity case. Background: A discarded note talks about restating meters in centimeters. Actual case: What combined fraction is formed from -12/15 plus 18/8? Respond with the operation code.
quantity-composition/promotion/000483	Route this quantity case. Background: A discarded note talks about isolating an unknown in an equation. Actual case: How many grams represent the same length or mass as 700 kilograms? Respond with the operation code.
quantity-composition/promotion/000484	Route this quantity case. Background: A discarded note talks about joining two unrelated signed amounts. Actual case: What value must x have for 11*x+-53 to equal 1003? Respond with the operation code.
quantity-composition/promotion/000485	Route this quantity case. Background: A discarded note talks about pooling two fractional shares. Actual case: Merge a signed change of -231 into an initial -435. Respond with the operation code.
quantity-composition/promotion/000486	Route this quantity case. Background: A discarded note talks about restating meters in centimeters. Actual case: Combine -24 equal batches, with -18 in every batch. Respond with the operation code.
quantity-composition/promotion/000487	Route this quantity case. Background: A discarded note talks about isolating an unknown in an equation. Actual case: Pool the rational portions -11/14 and 21/10. Respond with the operation code.
quantity-composition/promotion/000488	Route this quantity case. Background: A discarded note talks about joining two unrelated signed amounts. Actual case: Use grams, rather than kilograms, to write the measure 44. Respond with the operation code.
quantity-composition/promotion/000489	Route this quantity case. Background: A discarded note talks about equal groups and a scale factor. Actual case: Undo the linear balance -6=-55+7*x and report x. Respond with the operation code.
quantity-composition/promotion/000490	Route this quantity case. Background: A discarded note talks about restating meters in centimeters. Actual case: Place 776 on top of -526 and report the combined amount. Respond with the operation code.
quantity-composition/promotion/000491	Route this quantity case. Background: A discarded note talks about isolating an unknown in an equation. Actual case: Enlarge the signed value 22 by a scale of -23. Respond with the operation code.
quantity-composition/promotion/000492	Route this quantity case. Background: A discarded note talks about joining two unrelated signed amounts. Actual case: Place the share -11/24 alongside the existing share 5/3. Respond with the operation code.
quantity-composition/promotion/000493	Route this quantity case. Background: A discarded note talks about equal groups and a scale factor. Actual case: Move 701 centimeters onto an equivalent millimeters unit scale. Respond with the operation code.
quantity-composition/promotion/000494	Route this quantity case. Background: A discarded note talks about pooling two fractional shares. Actual case: The expression 4*x+89 lands on -95; identify x. Respond with the operation code.
quantity-composition/promotion/000495	Route this quantity case. Background: A discarded note talks about isolating an unknown in an equation. Actual case: Determine their joint signed total: -408 with 645. Respond with the operation code.
quantity-composition/promotion/000496	Route this quantity case. Background: A discarded note talks about joining two unrelated signed amounts. Actual case: Determine the repeated-group amount for 22 groups of -12. Respond with the operation code.
quantity-composition/promotion/000497	Route this quantity case. Background: A discarded note talks about equal groups and a scale factor. Actual case: Determine the joint rational amount for 4/24 with -24/19. Respond with the operation code.
quantity-composition/promotion/000498	Route this quantity case. Background: A discarded note talks about pooling two fractional shares. Actual case: Give the grams form of a quantity recorded as 87 kilograms. Respond with the operation code.
quantity-composition/promotion/000499	Route this quantity case. Background: A discarded note talks about restating meters in centimeters. Actual case: Supply the missing number x that satisfies 13*x+-92=792. Respond with the operation code.
quantity-composition/promotion/000500	Route this quantity case. Background: A discarded note talks about equal groups and a scale factor. Actual case: What amount results when -462 is added onto 410? Respond with the operation code.
quantity-composition/promotion/000501	Route this quantity case. Background: A discarded note talks about pooling two fractional shares. Actual case: What is produced by -4 copies of 29? Respond with the operation code.
quantity-composition/promotion/000502	Route this quantity case. Background: A discarded note talks about restating meters in centimeters. Actual case: What combined fraction is formed from 3/14 plus -11/8? Respond with the operation code.
quantity-composition/promotion/000503	Route this quantity case. Background: A discarded note talks about isolating an unknown in an equation. Actual case: How many millimeters represent the same length or mass as 354 centimeters? Respond with the operation code.
quantity-composition/promotion/000504	Route this quantity case. Background: A discarded note talks about joining two unrelated signed amounts. Actual case: What value must x have for 10*x+58 to equal 138? Respond with the operation code.
quantity-composition/promotion/000505	Route this quantity case. Background: A discarded note talks about pooling two fractional shares. Actual case: Merge a signed change of 861 into an initial -470. Respond with the operation code.
quantity-composition/promotion/000506	Route this quantity case. Background: A discarded note talks about restating meters in centimeters. Actual case: Combine -19 equal batches, with -49 in every batch. Respond with the operation code.
quantity-composition/promotion/000507	Route this quantity case. Background: A discarded note talks about isolating an unknown in an equation. Actual case: Pool the rational portions -12/6 and 21/6. Respond with the operation code.
quantity-composition/promotion/000508	Route this quantity case. Background: A discarded note talks about joining two unrelated signed amounts. Actual case: Use centimeters, rather than meters, to write the measure 226. Respond with the operation code.
quantity-composition/promotion/000509	Route this quantity case. Background: A discarded note talks about equal groups and a scale factor. Actual case: Undo the linear balance -109=-39+5*x and report x. Respond with the operation code.
quantity-composition/promotion/000510	Route this quantity case. Background: A discarded note talks about restating meters in centimeters. Actual case: Place 642 on top of -409 and report the combined amount. Respond with the operation code.
quantity-composition/promotion/000511	Route this quantity case. Background: A discarded note talks about isolating an unknown in an equation. Actual case: Enlarge the signed value -36 by a scale of 18. Respond with the operation code.
quantity-composition/promotion/000512	Route this quantity case. Background: A discarded note talks about joining two unrelated signed amounts. Actual case: Place the share 0/6 alongside the existing share 15/11. Respond with the operation code.
quantity-composition/promotion/000513	Route this quantity case. Background: A discarded note talks about equal groups and a scale factor. Actual case: Move 958 meters onto an equivalent centimeters unit scale. Respond with the operation code.
quantity-composition/promotion/000514	Route this quantity case. Background: A discarded note talks about pooling two fractional shares. Actual case: The expression 4*x+64 lands on -156; identify x. Respond with the operation code.
quantity-composition/promotion/000515	Route this quantity case. Background: A discarded note talks about isolating an unknown in an equation. Actual case: Determine their joint signed total: 850 with 826. Respond with the operation code.
quantity-composition/promotion/000516	Route this quantity case. Background: A discarded note talks about joining two unrelated signed amounts. Actual case: Determine the repeated-group amount for 30 groups of 39. Respond with the operation code.
quantity-composition/promotion/000517	Route this quantity case. Background: A discarded note talks about equal groups and a scale factor. Actual case: Determine the joint rational amount for -23/4 with -9/6. Respond with the operation code.
quantity-composition/promotion/000518	Route this quantity case. Background: A discarded note talks about pooling two fractional shares. Actual case: Give the grams form of a quantity recorded as 534 kilograms. Respond with the operation code.
quantity-composition/promotion/000519	Route this quantity case. Background: A discarded note talks about restating meters in centimeters. Actual case: Supply the missing number x that satisfies 12*x+-26=106. Respond with the operation code.
quantity-composition/promotion/000520	Route this quantity case. Background: A discarded note talks about equal groups and a scale factor. Actual case: What amount results when 956 is added onto 422? Respond with the operation code.
quantity-composition/promotion/000521	Route this quantity case. Background: A discarded note talks about pooling two fractional shares. Actual case: What is produced by -30 copies of -15? Respond with the operation code.
quantity-composition/promotion/000522	Route this quantity case. Background: A discarded note talks about restating meters in centimeters. Actual case: What combined fraction is formed from -13/12 plus -6/2? Respond with the operation code.
quantity-composition/promotion/000523	Route this quantity case. Background: A discarded note talks about isolating an unknown in an equation. Actual case: How many grams represent the same length or mass as 465 kilograms? Respond with the operation code.
quantity-composition/promotion/000524	Route this quantity case. Background: A discarded note talks about joining two unrelated signed amounts. Actual case: What value must x have for 6*x+-7 to equal -487? Respond with the operation code.
quantity-composition/promotion/000525	Route this quantity case. Background: A discarded note talks about pooling two fractional shares. Actual case: Merge a signed change of -995 into an initial -163. Respond with the operation code.
quantity-composition/promotion/000526	Route this quantity case. Background: A discarded note talks about restating meters in centimeters. Actual case: Combine 24 equal batches, with -26 in every batch. Respond with the operation code.
quantity-composition/promotion/000527	Route this quantity case. Background: A discarded note talks about isolating an unknown in an equation. Actual case: Pool the rational portions -4/19 and 1/15. Respond with the operation code.
quantity-composition/promotion/000528	Route this quantity case. Background: A discarded note talks about joining two unrelated signed amounts. Actual case: Use grams, rather than kilograms, to write the measure 637. Respond with the operation code.
quantity-composition/promotion/000529	Route this quantity case. Background: A discarded note talks about equal groups and a scale factor. Actual case: Undo the linear balance 147=-41+2*x and report x. Respond with the operation code.
quantity-composition/promotion/000530	Route this quantity case. Background: A discarded note talks about restating meters in centimeters. Actual case: Place 320 on top of 341 and report the combined amount. Respond with the operation code.
quantity-composition/promotion/000531	Route this quantity case. Background: A discarded note talks about isolating an unknown in an equation. Actual case: Enlarge the signed value 13 by a scale of 43. Respond with the operation code.
quantity-composition/promotion/000532	Route this quantity case. Background: A discarded note talks about joining two unrelated signed amounts. Actual case: Place the share -7/6 alongside the existing share -4/17. Respond with the operation code.
quantity-composition/promotion/000533	Route this quantity case. Background: A discarded note talks about equal groups and a scale factor. Actual case: Move 446 meters onto an equivalent centimeters unit scale. Respond with the operation code.
quantity-composition/promotion/000534	Route this quantity case. Background: A discarded note talks about pooling two fractional shares. Actual case: The expression 17*x+19 lands on -1171; identify x. Respond with the operation code.
quantity-composition/promotion/000535	Route this quantity case. Background: A discarded note talks about isolating an unknown in an equation. Actual case: Determine their joint signed total: 0 with -662. Respond with the operation code.
quantity-composition/promotion/000536	Route this quantity case. Background: A discarded note talks about joining two unrelated signed amounts. Actual case: Determine the repeated-group amount for 4 groups of 46. Respond with the operation code.
quantity-composition/promotion/000537	Route this quantity case. Background: A discarded note talks about equal groups and a scale factor. Actual case: Determine the joint rational amount for 21/22 with -9/11. Respond with the operation code.
quantity-composition/promotion/000538	Route this quantity case. Background: A discarded note talks about pooling two fractional shares. Actual case: Give the grams form of a quantity recorded as 482 kilograms. Respond with the operation code.
quantity-composition/promotion/000539	Route this quantity case. Background: A discarded note talks about restating meters in centimeters. Actual case: Supply the missing number x that satisfies 3*x+84=9. Respond with the operation code.
quantity-composition/promotion/000540	Route this quantity case. Background: A discarded note talks about equal groups and a scale factor. Actual case: What amount results when -880 is added onto -207? Respond with the operation code.
quantity-composition/promotion/000541	Route this quantity case. Background: A discarded note talks about pooling two fractional shares. Actual case: What is produced by 2 copies of 5? Respond with the operation code.
quantity-composition/promotion/000542	Route this quantity case. Background: A discarded note talks about restating meters in centimeters. Actual case: What combined fraction is formed from 23/17 plus 23/7? Respond with the operation code.
quantity-composition/promotion/000543	Route this quantity case. Background: A discarded note talks about isolating an unknown in an equation. Actual case: How many centimeters represent the same length or mass as 541 meters? Respond with the operation code.
quantity-composition/promotion/000544	Route this quantity case. Background: A discarded note talks about joining two unrelated signed amounts. Actual case: What value must x have for 7*x+-24 to equal -556? Respond with the operation code.
quantity-composition/promotion/000545	Route this quantity case. Background: A discarded note talks about pooling two fractional shares. Actual case: Merge a signed change of 214 into an initial 140. Respond with the operation code.
quantity-composition/promotion/000546	Route this quantity case. Background: A discarded note talks about restating meters in centimeters. Actual case: Combine -37 equal batches, with 5 in every batch. Respond with the operation code.
quantity-composition/promotion/000547	Route this quantity case. Background: A discarded note talks about isolating an unknown in an equation. Actual case: Pool the rational portions -13/1 and 10/5. Respond with the operation code.
quantity-composition/promotion/000548	Route this quantity case. Background: A discarded note talks about joining two unrelated signed amounts. Actual case: Use grams, rather than kilograms, to write the measure 36. Respond with the operation code.
quantity-composition/promotion/000549	Route this quantity case. Background: A discarded note talks about equal groups and a scale factor. Actual case: Undo the linear balance -865=35+12*x and report x. Respond with the operation code.
quantity-composition/promotion/000550	Route this quantity case. Background: A discarded note talks about restating meters in centimeters. Actual case: Place -182 on top of 355 and report the combined amount. Respond with the operation code.
quantity-composition/promotion/000551	Route this quantity case. Background: A discarded note talks about isolating an unknown in an equation. Actual case: Enlarge the signed value -3 by a scale of 38. Respond with the operation code.
quantity-composition/promotion/000552	Route this quantity case. Background: A discarded note talks about joining two unrelated signed amounts. Actual case: Place the share 5/18 alongside the existing share 5/8. Respond with the operation code.
quantity-composition/promotion/000553	Route this quantity case. Background: A discarded note talks about equal groups and a scale factor. Actual case: Move 17 meters onto an equivalent centimeters unit scale. Respond with the operation code.
quantity-composition/promotion/000554	Route this quantity case. Background: A discarded note talks about pooling two fractional shares. Actual case: The expression 6*x+-49 lands on 437; identify x. Respond with the operation code.
quantity-composition/promotion/000555	Route this quantity case. Background: A discarded note talks about isolating an unknown in an equation. Actual case: Determine their joint signed total: -690 with 781. Respond with the operation code.
quantity-composition/promotion/000556	Route this quantity case. Background: A discarded note talks about joining two unrelated signed amounts. Actual case: Determine the repeated-group amount for -48 groups of 29. Respond with the operation code.
quantity-composition/promotion/000557	Route this quantity case. Background: A discarded note talks about equal groups and a scale factor. Actual case: Determine the joint rational amount for -6/5 with -3/22. Respond with the operation code.
quantity-composition/promotion/000558	Route this quantity case. Background: A discarded note talks about pooling two fractional shares. Actual case: Give the grams form of a quantity recorded as 716 kilograms. Respond with the operation code.
quantity-composition/promotion/000559	Route this quantity case. Background: A discarded note talks about restating meters in centimeters. Actual case: Supply the missing number x that satisfies 17*x+46=-1297. Respond with the operation code.
quantity-composition/promotion/000560	Route this quantity case. Background: A discarded note talks about equal groups and a scale factor. Actual case: What amount results when 688 is added onto -355? Respond with the operation code.
quantity-composition/promotion/000561	Route this quantity case. Background: A discarded note talks about pooling two fractional shares. Actual case: What is produced by 9 copies of 44? Respond with the operation code.
quantity-composition/promotion/000562	Route this quantity case. Background: A discarded note talks about restating meters in centimeters. Actual case: What combined fraction is formed from -24/16 plus -17/5? Respond with the operation code.
quantity-composition/promotion/000563	Route this quantity case. Background: A discarded note talks about isolating an unknown in an equation. Actual case: How many millimeters represent the same length or mass as 44 centimeters? Respond with the operation code.
quantity-composition/promotion/000564	Route this quantity case. Background: A discarded note talks about joining two unrelated signed amounts. Actual case: What value must x have for 11*x+28 to equal 204? Respond with the operation code.
quantity-composition/promotion/000565	Route this quantity case. Background: A discarded note talks about pooling two fractional shares. Actual case: Merge a signed change of -425 into an initial -540. Respond with the operation code.
quantity-composition/promotion/000566	Route this quantity case. Background: A discarded note talks about restating meters in centimeters. Actual case: Combine 31 equal batches, with -48 in every batch. Respond with the operation code.
quantity-composition/promotion/000567	Route this quantity case. Background: A discarded note talks about isolating an unknown in an equation. Actual case: Pool the rational portions 5/21 and 22/14. Respond with the operation code.
quantity-composition/promotion/000568	Route this quantity case. Background: A discarded note talks about joining two unrelated signed amounts. Actual case: Use millimeters, rather than centimeters, to write the measure 16. Respond with the operation code.
quantity-composition/promotion/000569	Route this quantity case. Background: A discarded note talks about equal groups and a scale factor. Actual case: Undo the linear balance 995=67+16*x and report x. Respond with the operation code.
quantity-composition/promotion/000570	Route this quantity case. Background: A discarded note talks about restating meters in centimeters. Actual case: Place 886 on top of 220 and report the combined amount. Respond with the operation code.
quantity-composition/promotion/000571	Route this quantity case. Background: A discarded note talks about isolating an unknown in an equation. Actual case: Enlarge the signed value -2 by a scale of 25. Respond with the operation code.
quantity-composition/promotion/000572	Route this quantity case. Background: A discarded note talks about joining two unrelated signed amounts. Actual case: Place the share -4/22 alongside the existing share -18/9. Respond with the operation code.
quantity-composition/promotion/000573	Route this quantity case. Background: A discarded note talks about equal groups and a scale factor. Actual case: Move 387 centimeters onto an equivalent millimeters unit scale. Respond with the operation code.
quantity-composition/promotion/000574	Route this quantity case. Background: A discarded note talks about pooling two fractional shares. Actual case: The expression 16*x+-2 lands on 782; identify x. Respond with the operation code.
quantity-composition/promotion/000575	Route this quantity case. Background: A discarded note talks about isolating an unknown in an equation. Actual case: Determine their joint signed total: 340 with 359. Respond with the operation code.
quantity-composition/promotion/000576	Route this quantity case. Background: A discarded note talks about joining two unrelated signed amounts. Actual case: Determine the repeated-group amount for 2 groups of 41. Respond with the operation code.
quantity-composition/promotion/000577	Route this quantity case. Background: A discarded note talks about equal groups and a scale factor. Actual case: Determine the joint rational amount for -6/2 with -14/5. Respond with the operation code.
quantity-composition/promotion/000578	Route this quantity case. Background: A discarded note talks about pooling two fractional shares. Actual case: Give the grams form of a quantity recorded as 66 kilograms. Respond with the operation code.
quantity-composition/promotion/000579	Route this quantity case. Background: A discarded note talks about restating meters in centimeters. Actual case: Supply the missing number x that satisfies 22*x+-1=417. Respond with the operation code.
quantity-composition/promotion/000580	Route this quantity case. Background: A discarded note talks about equal groups and a scale factor. Actual case: What amount results when -939 is added onto -347? Respond with the operation code.
quantity-composition/promotion/000581	Route this quantity case. Background: A discarded note talks about pooling two fractional shares. Actual case: What is produced by -24 copies of 3? Respond with the operation code.
quantity-composition/promotion/000582	Route this quantity case. Background: A discarded note talks about restating meters in centimeters. Actual case: What combined fraction is formed from 19/13 plus -22/22? Respond with the operation code.
quantity-composition/promotion/000583	Route this quantity case. Background: A discarded note talks about isolating an unknown in an equation. Actual case: How many centimeters represent the same length or mass as 260 meters? Respond with the operation code.
quantity-composition/promotion/000584	Route this quantity case. Background: A discarded note talks about joining two unrelated signed amounts. Actual case: What value must x have for 13*x+26 to equal 286? Respond with the operation code.
quantity-composition/promotion/000585	Route this quantity case. Background: A discarded note talks about pooling two fractional shares. Actual case: Merge a signed change of -204 into an initial 550. Respond with the operation code.
quantity-composition/promotion/000586	Route this quantity case. Background: A discarded note talks about restating meters in centimeters. Actual case: Combine -2 equal batches, with 0 in every batch. Respond with the operation code.
quantity-composition/promotion/000587	Route this quantity case. Background: A discarded note talks about isolating an unknown in an equation. Actual case: Pool the rational portions -21/21 and -5/22. Respond with the operation code.
quantity-composition/promotion/000588	Route this quantity case. Background: A discarded note talks about joining two unrelated signed amounts. Actual case: Use grams, rather than kilograms, to write the measure 949. Respond with the operation code.
quantity-composition/promotion/000589	Route this quantity case. Background: A discarded note talks about equal groups and a scale factor. Actual case: Undo the linear balance 468=-15+23*x and report x. Respond with the operation code.
quantity-composition/promotion/000590	Route this quantity case. Background: A discarded note talks about restating meters in centimeters. Actual case: Place -540 on top of 572 and report the combined amount. Respond with the operation code.
quantity-composition/promotion/000591	Route this quantity case. Background: A discarded note talks about isolating an unknown in an equation. Actual case: Enlarge the signed value -18 by a scale of 37. Respond with the operation code.
quantity-composition/promotion/000592	Route this quantity case. Background: A discarded note talks about joining two unrelated signed amounts. Actual case: Place the share 18/17 alongside the existing share -4/10. Respond with the operation code.
quantity-composition/promotion/000593	Route this quantity case. Background: A discarded note talks about equal groups and a scale factor. Actual case: Move 384 centimeters onto an equivalent millimeters unit scale. Respond with the operation code.
quantity-composition/promotion/000594	Route this quantity case. Background: A discarded note talks about pooling two fractional shares. Actual case: The expression 16*x+32 lands on 800; identify x. Respond with the operation code.
quantity-composition/promotion/000595	Route this quantity case. Background: A discarded note talks about isolating an unknown in an equation. Actual case: Determine their joint signed total: 322 with -160. Respond with the operation code.
quantity-composition/promotion/000596	Route this quantity case. Background: A discarded note talks about joining two unrelated signed amounts. Actual case: Determine the repeated-group amount for -43 groups of 15. Respond with the operation code.
quantity-composition/promotion/000597	Route this quantity case. Background: A discarded note talks about equal groups and a scale factor. Actual case: Determine the joint rational amount for -15/24 with 16/12. Respond with the operation code.
quantity-composition/promotion/000598	Route this quantity case. Background: A discarded note talks about pooling two fractional shares. Actual case: Give the grams form of a quantity recorded as 215 kilograms. Respond with the operation code.
quantity-composition/promotion/000599	Route this quantity case. Background: A discarded note talks about restating meters in centimeters. Actual case: Supply the missing number x that satisfies 24*x+-57=1671. Respond with the operation code.
quantity-composition/promotion/000600	Route this quantity case. Background: A discarded note talks about equal groups and a scale factor. Actual case: What amount results when 658 is added onto -377? Respond with the operation code.
quantity-composition/promotion/000601	Route this quantity case. Background: A discarded note talks about pooling two fractional shares. Actual case: What is produced by 37 copies of -47? Respond with the operation code.
quantity-composition/promotion/000602	Route this quantity case. Background: A discarded note talks about restating meters in centimeters. Actual case: What combined fraction is formed from 6/3 plus -10/14? Respond with the operation code.
quantity-composition/promotion/000603	Route this quantity case. Background: A discarded note talks about isolating an unknown in an equation. Actual case: How many centimeters represent the same length or mass as 75 meters? Respond with the operation code.
quantity-composition/promotion/000604	Route this quantity case. Background: A discarded note talks about joining two unrelated signed amounts. Actual case: What value must x have for 4*x+-47 to equal 41? Respond with the operation code.
quantity-composition/promotion/000605	Route this quantity case. Background: A discarded note talks about pooling two fractional shares. Actual case: Merge a signed change of 660 into an initial -642. Respond with the operation code.
quantity-composition/promotion/000606	Route this quantity case. Background: A discarded note talks about restating meters in centimeters. Actual case: Combine -13 equal batches, with -21 in every batch. Respond with the operation code.
quantity-composition/promotion/000607	Route this quantity case. Background: A discarded note talks about isolating an unknown in an equation. Actual case: Pool the rational portions -9/13 and 8/13. Respond with the operation code.
quantity-composition/promotion/000608	Route this quantity case. Background: A discarded note talks about joining two unrelated signed amounts. Actual case: Use centimeters, rather than meters, to write the measure 70. Respond with the operation code.
quantity-composition/promotion/000609	Route this quantity case. Background: A discarded note talks about equal groups and a scale factor. Actual case: Undo the linear balance 1177=-29+18*x and report x. Respond with the operation code.
quantity-composition/promotion/000610	Route this quantity case. Background: A discarded note talks about restating meters in centimeters. Actual case: Place -505 on top of 992 and report the combined amount. Respond with the operation code.
quantity-composition/promotion/000611	Route this quantity case. Background: A discarded note talks about isolating an unknown in an equation. Actual case: Enlarge the signed value 4 by a scale of -38. Respond with the operation code.
quantity-composition/promotion/000612	Route this quantity case. Background: A discarded note talks about joining two unrelated signed amounts. Actual case: Place the share -21/13 alongside the existing share 16/8. Respond with the operation code.
quantity-composition/promotion/000613	Route this quantity case. Background: A discarded note talks about equal groups and a scale factor. Actual case: Move 557 meters onto an equivalent centimeters unit scale. Respond with the operation code.
quantity-composition/promotion/000614	Route this quantity case. Background: A discarded note talks about pooling two fractional shares. Actual case: The expression 6*x+-38 lands on -560; identify x. Respond with the operation code.
quantity-composition/promotion/000615	Route this quantity case. Background: A discarded note talks about isolating an unknown in an equation. Actual case: Determine their joint signed total: -573 with -870. Respond with the operation code.
quantity-composition/promotion/000616	Route this quantity case. Background: A discarded note talks about joining two unrelated signed amounts. Actual case: Determine the repeated-group amount for 38 groups of 46. Respond with the operation code.
quantity-composition/promotion/000617	Route this quantity case. Background: A discarded note talks about equal groups and a scale factor. Actual case: Determine the joint rational amount for -2/11 with -3/14. Respond with the operation code.
quantity-composition/promotion/000618	Route this quantity case. Background: A discarded note talks about pooling two fractional shares. Actual case: Give the centimeters form of a quantity recorded as 58 meters. Respond with the operation code.
quantity-composition/promotion/000619	Route this quantity case. Background: A discarded note talks about restating meters in centimeters. Actual case: Supply the missing number x that satisfies 1*x+-55=-110. Respond with the operation code.
quantity-composition/promotion/000620	Route this quantity case. Background: A discarded note talks about equal groups and a scale factor. Actual case: What amount results when 163 is added onto 63? Respond with the operation code.
quantity-composition/promotion/000621	Route this quantity case. Background: A discarded note talks about pooling two fractional shares. Actual case: What is produced by -9 copies of -12? Respond with the operation code.
quantity-composition/promotion/000622	Route this quantity case. Background: A discarded note talks about restating meters in centimeters. Actual case: What combined fraction is formed from 13/8 plus -20/10? Respond with the operation code.
quantity-composition/promotion/000623	Route this quantity case. Background: A discarded note talks about isolating an unknown in an equation. Actual case: How many millimeters represent the same length or mass as 809 centimeters? Respond with the operation code.
quantity-composition/promotion/000624	Route this quantity case. Background: A discarded note talks about joining two unrelated signed amounts. Actual case: What value must x have for 7*x+10 to equal -501? Respond with the operation code.
quantity-composition/promotion/000625	Route this quantity case. Background: A discarded note talks about pooling two fractional shares. Actual case: Merge a signed change of 719 into an initial -861. Respond with the operation code.
quantity-composition/promotion/000626	Route this quantity case. Background: A discarded note talks about restating meters in centimeters. Actual case: Combine 46 equal batches, with 18 in every batch. Respond with the operation code.
quantity-composition/promotion/000627	Route this quantity case. Background: A discarded note talks about isolating an unknown in an equation. Actual case: Pool the rational portions -5/11 and -12/7. Respond with the operation code.
quantity-composition/promotion/000628	Route this quantity case. Background: A discarded note talks about joining two unrelated signed amounts. Actual case: Use millimeters, rather than centimeters, to write the measure 182. Respond with the operation code.
quantity-composition/promotion/000629	Route this quantity case. Background: A discarded note talks about equal groups and a scale factor. Actual case: Undo the linear balance -1597=23+20*x and report x. Respond with the operation code.
quantity-composition/promotion/000630	Route this quantity case. Background: A discarded note talks about restating meters in centimeters. Actual case: Place 254 on top of -586 and report the combined amount. Respond with the operation code.
quantity-composition/promotion/000631	Route this quantity case. Background: A discarded note talks about isolating an unknown in an equation. Actual case: Enlarge the signed value 32 by a scale of -36. Respond with the operation code.
quantity-composition/promotion/000632	Route this quantity case. Background: A discarded note talks about joining two unrelated signed amounts. Actual case: Place the share -7/14 alongside the existing share -5/16. Respond with the operation code.
quantity-composition/promotion/000633	Route this quantity case. Background: A discarded note talks about equal groups and a scale factor. Actual case: Move 903 kilograms onto an equivalent grams unit scale. Respond with the operation code.
quantity-composition/promotion/000634	Route this quantity case. Background: A discarded note talks about pooling two fractional shares. Actual case: The expression 5*x+-45 lands on 430; identify x. Respond with the operation code.
quantity-composition/promotion/000635	Route this quantity case. Background: A discarded note talks about isolating an unknown in an equation. Actual case: Determine their joint signed total: 394 with -510. Respond with the operation code.
quantity-composition/promotion/000636	Route this quantity case. Background: A discarded note talks about joining two unrelated signed amounts. Actual case: Determine the repeated-group amount for -11 groups of -18. Respond with the operation code.
quantity-composition/promotion/000637	Route this quantity case. Background: A discarded note talks about equal groups and a scale factor. Actual case: Determine the joint rational amount for 16/11 with -3/2. Respond with the operation code.
quantity-composition/promotion/000638	Route this quantity case. Background: A discarded note talks about pooling two fractional shares. Actual case: Give the centimeters form of a quantity recorded as 790 meters. Respond with the operation code.
quantity-composition/promotion/000639	Route this quantity case. Background: A discarded note talks about restating meters in centimeters. Actual case: Supply the missing number x that satisfies 21*x+-54=1500. Respond with the operation code.
quantity-composition/promotion/000640	Route this quantity case. Background: A discarded note talks about equal groups and a scale factor. Actual case: What amount results when 972 is added onto 254? Respond with the operation code.
quantity-composition/promotion/000641	Route this quantity case. Background: A discarded note talks about pooling two fractional shares. Actual case: What is produced by 42 copies of -7? Respond with the operation code.
quantity-composition/promotion/000642	Route this quantity case. Background: A discarded note talks about restating meters in centimeters. Actual case: What combined fraction is formed from 13/18 plus 14/24? Respond with the operation code.
quantity-composition/promotion/000643	Route this quantity case. Background: A discarded note talks about isolating an unknown in an equation. Actual case: How many grams represent the same length or mass as 146 kilograms? Respond with the operation code.
quantity-composition/promotion/000644	Route this quantity case. Background: A discarded note talks about joining two unrelated signed amounts. Actual case: What value must x have for 7*x+23 to equal 86? Respond with the operation code.
quantity-composition/promotion/000645	Route this quantity case. Background: A discarded note talks about pooling two fractional shares. Actual case: Merge a signed change of -266 into an initial 34. Respond with the operation code.
quantity-composition/promotion/000646	Route this quantity case. Background: A discarded note talks about restating meters in centimeters. Actual case: Combine -21 equal batches, with 10 in every batch. Respond with the operation code.
quantity-composition/promotion/000647	Route this quantity case. Background: A discarded note talks about isolating an unknown in an equation. Actual case: Pool the rational portions 3/18 and 21/12. Respond with the operation code.
quantity-composition/promotion/000648	Route this quantity case. Background: A discarded note talks about joining two unrelated signed amounts. Actual case: Use grams, rather than kilograms, to write the measure 973. Respond with the operation code.
quantity-composition/promotion/000649	Route this quantity case. Background: A discarded note talks about equal groups and a scale factor. Actual case: Undo the linear balance 1673=56+21*x and report x. Respond with the operation code.
quantity-composition/promotion/000650	Route this quantity case. Background: A discarded note talks about restating meters in centimeters. Actual case: Place -797 on top of -91 and report the combined amount. Respond with the operation code.
quantity-composition/promotion/000651	Route this quantity case. Background: A discarded note talks about isolating an unknown in an equation. Actual case: Enlarge the signed value 31 by a scale of -13. Respond with the operation code.
quantity-composition/promotion/000652	Route this quantity case. Background: A discarded note talks about joining two unrelated signed amounts. Actual case: Place the share -3/20 alongside the existing share 10/7. Respond with the operation code.
quantity-composition/promotion/000653	Route this quantity case. Background: A discarded note talks about equal groups and a scale factor. Actual case: Move 139 centimeters onto an equivalent millimeters unit scale. Respond with the operation code.
quantity-composition/promotion/000654	Route this quantity case. Background: A discarded note talks about pooling two fractional shares. Actual case: The expression 6*x+71 lands on -481; identify x. Respond with the operation code.
quantity-composition/promotion/000655	Route this quantity case. Background: A discarded note talks about isolating an unknown in an equation. Actual case: Determine their joint signed total: -102 with -943. Respond with the operation code.
quantity-composition/promotion/000656	Route this quantity case. Background: A discarded note talks about joining two unrelated signed amounts. Actual case: Determine the repeated-group amount for -21 groups of 15. Respond with the operation code.
quantity-composition/promotion/000657	Route this quantity case. Background: A discarded note talks about equal groups and a scale factor. Actual case: Determine the joint rational amount for 5/21 with 16/19. Respond with the operation code.
quantity-composition/promotion/000658	Route this quantity case. Background: A discarded note talks about pooling two fractional shares. Actual case: Give the grams form of a quantity recorded as 213 kilograms. Respond with the operation code.
quantity-composition/promotion/000659	Route this quantity case. Background: A discarded note talks about restating meters in centimeters. Actual case: Supply the missing number x that satisfies 14*x+-52=-388. Respond with the operation code.
quantity-composition/promotion/000660	Route this quantity case. Background: A discarded note talks about equal groups and a scale factor. Actual case: What amount results when 632 is added onto 253? Respond with the operation code.
quantity-composition/promotion/000661	Route this quantity case. Background: A discarded note talks about pooling two fractional shares. Actual case: What is produced by -35 copies of -34? Respond with the operation code.
quantity-composition/promotion/000662	Route this quantity case. Background: A discarded note talks about restating meters in centimeters. Actual case: What combined fraction is formed from 16/11 plus 10/20? Respond with the operation code.
quantity-composition/promotion/000663	Route this quantity case. Background: A discarded note talks about isolating an unknown in an equation. Actual case: How many grams represent the same length or mass as 646 kilograms? Respond with the operation code.
quantity-composition/promotion/000664	Route this quantity case. Background: A discarded note talks about joining two unrelated signed amounts. Actual case: What value must x have for 4*x+-33 to equal 183? Respond with the operation code.
quantity-composition/promotion/000665	Route this quantity case. Background: A discarded note talks about pooling two fractional shares. Actual case: Merge a signed change of 614 into an initial 64. Respond with the operation code.
quantity-composition/promotion/000666	Route this quantity case. Background: A discarded note talks about restating meters in centimeters. Actual case: Combine -29 equal batches, with 35 in every batch. Respond with the operation code.
quantity-composition/promotion/000667	Route this quantity case. Background: A discarded note talks about isolating an unknown in an equation. Actual case: Pool the rational portions 3/19 and -18/16. Respond with the operation code.
quantity-composition/promotion/000668	Route this quantity case. Background: A discarded note talks about joining two unrelated signed amounts. Actual case: Use millimeters, rather than centimeters, to write the measure 534. Respond with the operation code.
quantity-composition/promotion/000669	Route this quantity case. Background: A discarded note talks about equal groups and a scale factor. Actual case: Undo the linear balance -102=-27+15*x and report x. Respond with the operation code.
quantity-composition/promotion/000670	Route this quantity case. Background: A discarded note talks about restating meters in centimeters. Actual case: Place -424 on top of 472 and report the combined amount. Respond with the operation code.
quantity-composition/promotion/000671	Route this quantity case. Background: A discarded note talks about isolating an unknown in an equation. Actual case: Enlarge the signed value 8 by a scale of 48. Respond with the operation code.
quantity-composition/promotion/000672	Route this quantity case. Background: A discarded note talks about joining two unrelated signed amounts. Actual case: Place the share -18/3 alongside the existing share -20/14. Respond with the operation code.
quantity-composition/promotion/000673	Route this quantity case. Background: A discarded note talks about equal groups and a scale factor. Actual case: Move 320 kilograms onto an equivalent grams unit scale. Respond with the operation code.
quantity-composition/promotion/000674	Route this quantity case. Background: A discarded note talks about pooling two fractional shares. Actual case: The expression 1*x+26 lands on -69; identify x. Respond with the operation code.
quantity-composition/promotion/000675	Route this quantity case. Background: A discarded note talks about isolating an unknown in an equation. Actual case: Determine their joint signed total: -491 with -541. Respond with the operation code.
quantity-composition/promotion/000676	Route this quantity case. Background: A discarded note talks about joining two unrelated signed amounts. Actual case: Determine the repeated-group amount for -26 groups of 35. Respond with the operation code.
quantity-composition/promotion/000677	Route this quantity case. Background: A discarded note talks about equal groups and a scale factor. Actual case: Determine the joint rational amount for -2/4 with -2/8. Respond with the operation code.
quantity-composition/promotion/000678	Route this quantity case. Background: A discarded note talks about pooling two fractional shares. Actual case: Give the millimeters form of a quantity recorded as 529 centimeters. Respond with the operation code.
quantity-composition/promotion/000679	Route this quantity case. Background: A discarded note talks about restating meters in centimeters. Actual case: Supply the missing number x that satisfies 7*x+24=325. Respond with the operation code.
quantity-composition/promotion/000680	Route this quantity case. Background: A discarded note talks about equal groups and a scale factor. Actual case: What amount results when -609 is added onto -675? Respond with the operation code.
quantity-composition/promotion/000681	Route this quantity case. Background: A discarded note talks about pooling two fractional shares. Actual case: What is produced by 2 copies of -17? Respond with the operation code.
quantity-composition/promotion/000682	Route this quantity case. Background: A discarded note talks about restating meters in centimeters. Actual case: What combined fraction is formed from 9/24 plus -9/4? Respond with the operation code.
quantity-composition/promotion/000683	Route this quantity case. Background: A discarded note talks about isolating an unknown in an equation. Actual case: How many millimeters represent the same length or mass as 366 centimeters? Respond with the operation code.
quantity-composition/promotion/000684	Route this quantity case. Background: A discarded note talks about joining two unrelated signed amounts. Actual case: What value must x have for 7*x+-75 to equal -705? Respond with the operation code.
quantity-composition/promotion/000685	Route this quantity case. Background: A discarded note talks about pooling two fractional shares. Actual case: Merge a signed change of -759 into an initial 286. Respond with the operation code.
quantity-composition/promotion/000686	Route this quantity case. Background: A discarded note talks about restating meters in centimeters. Actual case: Combine 21 equal batches, with -35 in every batch. Respond with the operation code.
quantity-composition/promotion/000687	Route this quantity case. Background: A discarded note talks about isolating an unknown in an equation. Actual case: Pool the rational portions 5/14 and 11/15. Respond with the operation code.
quantity-composition/promotion/000688	Route this quantity case. Background: A discarded note talks about joining two unrelated signed amounts. Actual case: Use millimeters, rather than centimeters, to write the measure 541. Respond with the operation code.
quantity-composition/promotion/000689	Route this quantity case. Background: A discarded note talks about equal groups and a scale factor. Actual case: Undo the linear balance 1516=-84+20*x and report x. Respond with the operation code.
quantity-composition/promotion/000690	Route this quantity case. Background: A discarded note talks about restating meters in centimeters. Actual case: Place -104 on top of -943 and report the combined amount. Respond with the operation code.
quantity-composition/promotion/000691	Route this quantity case. Background: A discarded note talks about isolating an unknown in an equation. Actual case: Enlarge the signed value 26 by a scale of -34. Respond with the operation code.
quantity-composition/promotion/000692	Route this quantity case. Background: A discarded note talks about joining two unrelated signed amounts. Actual case: Place the share -6/20 alongside the existing share 9/4. Respond with the operation code.
quantity-composition/promotion/000693	Route this quantity case. Background: A discarded note talks about equal groups and a scale factor. Actual case: Move 705 kilograms onto an equivalent grams unit scale. Respond with the operation code.
quantity-composition/promotion/000694	Route this quantity case. Background: A discarded note talks about pooling two fractional shares. Actual case: The expression 13*x+-91 lands on -741; identify x. Respond with the operation code.
quantity-composition/promotion/000695	Route this quantity case. Background: A discarded note talks about isolating an unknown in an equation. Actual case: Determine their joint signed total: -24 with 194. Respond with the operation code.
quantity-composition/promotion/000696	Route this quantity case. Background: A discarded note talks about joining two unrelated signed amounts. Actual case: Determine the repeated-group amount for 31 groups of 11. Respond with the operation code.
quantity-composition/promotion/000697	Route this quantity case. Background: A discarded note talks about equal groups and a scale factor. Actual case: Determine the joint rational amount for -9/8 with -7/6. Respond with the operation code.
quantity-composition/promotion/000698	Route this quantity case. Background: A discarded note talks about pooling two fractional shares. Actual case: Give the centimeters form of a quantity recorded as 132 meters. Respond with the operation code.
quantity-composition/promotion/000699	Route this quantity case. Background: A discarded note talks about restating meters in centimeters. Actual case: Supply the missing number x that satisfies 1*x+77=47. Respond with the operation code.
quantity-composition/promotion/000700	Route this quantity case. Background: A discarded note talks about equal groups and a scale factor. Actual case: What amount results when 555 is added onto -263? Respond with the operation code.
quantity-composition/promotion/000701	Route this quantity case. Background: A discarded note talks about pooling two fractional shares. Actual case: What is produced by 42 copies of -24? Respond with the operation code.
quantity-composition/promotion/000702	Route this quantity case. Background: A discarded note talks about restating meters in centimeters. Actual case: What combined fraction is formed from 14/15 plus 16/8? Respond with the operation code.
quantity-composition/promotion/000703	Route this quantity case. Background: A discarded note talks about isolating an unknown in an equation. Actual case: How many millimeters represent the same length or mass as 837 centimeters? Respond with the operation code.
quantity-composition/promotion/000704	Route this quantity case. Background: A discarded note talks about joining two unrelated signed amounts. Actual case: What value must x have for 8*x+-60 to equal -580? Respond with the operation code.
quantity-composition/promotion/000705	Route this quantity case. Background: A discarded note talks about pooling two fractional shares. Actual case: Merge a signed change of 943 into an initial -670. Respond with the operation code.
quantity-composition/promotion/000706	Route this quantity case. Background: A discarded note talks about restating meters in centimeters. Actual case: Combine 9 equal batches, with 28 in every batch. Respond with the operation code.
quantity-composition/promotion/000707	Route this quantity case. Background: A discarded note talks about isolating an unknown in an equation. Actual case: Pool the rational portions -1/2 and 15/23. Respond with the operation code.
quantity-composition/promotion/000708	Route this quantity case. Background: A discarded note talks about joining two unrelated signed amounts. Actual case: Use millimeters, rather than centimeters, to write the measure 613. Respond with the operation code.
quantity-composition/promotion/000709	Route this quantity case. Background: A discarded note talks about equal groups and a scale factor. Actual case: Undo the linear balance 112=22+15*x and report x. Respond with the operation code.
quantity-composition/promotion/000710	Route this quantity case. Background: A discarded note talks about restating meters in centimeters. Actual case: Place -845 on top of -581 and report the combined amount. Respond with the operation code.
quantity-composition/promotion/000711	Route this quantity case. Background: A discarded note talks about isolating an unknown in an equation. Actual case: Enlarge the signed value -8 by a scale of 43. Respond with the operation code.
quantity-composition/promotion/000712	Route this quantity case. Background: A discarded note talks about joining two unrelated signed amounts. Actual case: Place the share -1/22 alongside the existing share -24/20. Respond with the operation code.
quantity-composition/promotion/000713	Route this quantity case. Background: A discarded note talks about equal groups and a scale factor. Actual case: Move 432 kilograms onto an equivalent grams unit scale. Respond with the operation code.
quantity-composition/promotion/000714	Route this quantity case. Background: A discarded note talks about pooling two fractional shares. Actual case: The expression 2*x+-58 lands on -16; identify x. Respond with the operation code.
quantity-composition/promotion/000715	Route this quantity case. Background: A discarded note talks about isolating an unknown in an equation. Actual case: Determine their joint signed total: -674 with -299. Respond with the operation code.
quantity-composition/promotion/000716	Route this quantity case. Background: A discarded note talks about joining two unrelated signed amounts. Actual case: Determine the repeated-group amount for 38 groups of -19. Respond with the operation code.
quantity-composition/promotion/000717	Route this quantity case. Background: A discarded note talks about equal groups and a scale factor. Actual case: Determine the joint rational amount for -23/14 with 15/12. Respond with the operation code.
quantity-composition/promotion/000718	Route this quantity case. Background: A discarded note talks about pooling two fractional shares. Actual case: Give the grams form of a quantity recorded as 596 kilograms. Respond with the operation code.
quantity-composition/promotion/000719	Route this quantity case. Background: A discarded note talks about restating meters in centimeters. Actual case: Supply the missing number x that satisfies 23*x+-6=-2099. Respond with the operation code.
quantity-composition/promotion/000720	Route this quantity case. Background: A discarded note talks about equal groups and a scale factor. Actual case: What amount results when 980 is added onto -504? Respond with the operation code.
quantity-composition/promotion/000721	Route this quantity case. Background: A discarded note talks about pooling two fractional shares. Actual case: What is produced by 28 copies of -23? Respond with the operation code.
quantity-composition/promotion/000722	Route this quantity case. Background: A discarded note talks about restating meters in centimeters. Actual case: What combined fraction is formed from -4/21 plus -12/24? Respond with the operation code.
quantity-composition/promotion/000723	Route this quantity case. Background: A discarded note talks about isolating an unknown in an equation. Actual case: How many grams represent the same length or mass as 771 kilograms? Respond with the operation code.
quantity-composition/promotion/000724	Route this quantity case. Background: A discarded note talks about joining two unrelated signed amounts. Actual case: What value must x have for 7*x+-89 to equal 415? Respond with the operation code.
quantity-composition/promotion/000725	Route this quantity case. Background: A discarded note talks about pooling two fractional shares. Actual case: Merge a signed change of -629 into an initial -853. Respond with the operation code.
quantity-composition/promotion/000726	Route this quantity case. Background: A discarded note talks about restating meters in centimeters. Actual case: Combine -22 equal batches, with -33 in every batch. Respond with the operation code.
quantity-composition/promotion/000727	Route this quantity case. Background: A discarded note talks about isolating an unknown in an equation. Actual case: Pool the rational portions 6/4 and 1/15. Respond with the operation code.
quantity-composition/promotion/000728	Route this quantity case. Background: A discarded note talks about joining two unrelated signed amounts. Actual case: Use millimeters, rather than centimeters, to write the measure 400. Respond with the operation code.
quantity-composition/promotion/000729	Route this quantity case. Background: A discarded note talks about equal groups and a scale factor. Actual case: Undo the linear balance -90=40+2*x and report x. Respond with the operation code.
quantity-composition/promotion/000730	Route this quantity case. Background: A discarded note talks about restating meters in centimeters. Actual case: Place -367 on top of 717 and report the combined amount. Respond with the operation code.
quantity-composition/promotion/000731	Route this quantity case. Background: A discarded note talks about isolating an unknown in an equation. Actual case: Enlarge the signed value -41 by a scale of 18. Respond with the operation code.
quantity-composition/promotion/000732	Route this quantity case. Background: A discarded note talks about joining two unrelated signed amounts. Actual case: Place the share -4/9 alongside the existing share 24/1. Respond with the operation code.
quantity-composition/promotion/000733	Route this quantity case. Background: A discarded note talks about equal groups and a scale factor. Actual case: Move 651 meters onto an equivalent centimeters unit scale. Respond with the operation code.
quantity-composition/promotion/000734	Route this quantity case. Background: A discarded note talks about pooling two fractional shares. Actual case: The expression 12*x+-75 lands on 885; identify x. Respond with the operation code.
quantity-composition/promotion/000735	Route this quantity case. Background: A discarded note talks about isolating an unknown in an equation. Actual case: Determine their joint signed total: -601 with -179. Respond with the operation code.
quantity-composition/promotion/000736	Route this quantity case. Background: A discarded note talks about joining two unrelated signed amounts. Actual case: Determine the repeated-group amount for -20 groups of -44. Respond with the operation code.
quantity-composition/promotion/000737	Route this quantity case. Background: A discarded note talks about equal groups and a scale factor. Actual case: Determine the joint rational amount for -20/11 with 23/1. Respond with the operation code.
quantity-composition/promotion/000738	Route this quantity case. Background: A discarded note talks about pooling two fractional shares. Actual case: Give the grams form of a quantity recorded as 410 kilograms. Respond with the operation code.
quantity-composition/promotion/000739	Route this quantity case. Background: A discarded note talks about restating meters in centimeters. Actual case: Supply the missing number x that satisfies 13*x+19=1137. Respond with the operation code.
quantity-composition/promotion/000740	Route this quantity case. Background: A discarded note talks about equal groups and a scale factor. Actual case: What amount results when -184 is added onto 83? Respond with the operation code.
quantity-composition/promotion/000741	Route this quantity case. Background: A discarded note talks about pooling two fractional shares. Actual case: What is produced by -8 copies of 30? Respond with the operation code.
quantity-composition/promotion/000742	Route this quantity case. Background: A discarded note talks about restating meters in centimeters. Actual case: What combined fraction is formed from 18/23 plus -10/21? Respond with the operation code.
quantity-composition/promotion/000743	Route this quantity case. Background: A discarded note talks about isolating an unknown in an equation. Actual case: How many centimeters represent the same length or mass as 721 meters? Respond with the operation code.
quantity-composition/promotion/000744	Route this quantity case. Background: A discarded note talks about joining two unrelated signed amounts. Actual case: What value must x have for 4*x+-99 to equal -95? Respond with the operation code.
quantity-composition/promotion/000745	Route this quantity case. Background: A discarded note talks about pooling two fractional shares. Actual case: Merge a signed change of 725 into an initial -962. Respond with the operation code.
quantity-composition/promotion/000746	Route this quantity case. Background: A discarded note talks about restating meters in centimeters. Actual case: Combine 6 equal batches, with -33 in every batch. Respond with the operation code.
quantity-composition/promotion/000747	Route this quantity case. Background: A discarded note talks about isolating an unknown in an equation. Actual case: Pool the rational portions 3/17 and -23/10. Respond with the operation code.
quantity-composition/promotion/000748	Route this quantity case. Background: A discarded note talks about joining two unrelated signed amounts. Actual case: Use millimeters, rather than centimeters, to write the measure 354. Respond with the operation code.
quantity-composition/promotion/000749	Route this quantity case. Background: A discarded note talks about equal groups and a scale factor. Actual case: Undo the linear balance 575=-46+23*x and report x. Respond with the operation code.
quantity-composition/promotion/000750	Route this quantity case. Background: A discarded note talks about restating meters in centimeters. Actual case: Place -21 on top of -705 and report the combined amount. Respond with the operation code.
quantity-composition/promotion/000751	Route this quantity case. Background: A discarded note talks about isolating an unknown in an equation. Actual case: Enlarge the signed value 27 by a scale of -10. Respond with the operation code.
quantity-composition/promotion/000752	Route this quantity case. Background: A discarded note talks about joining two unrelated signed amounts. Actual case: Place the share 6/10 alongside the existing share -4/22. Respond with the operation code.
quantity-composition/promotion/000753	Route this quantity case. Background: A discarded note talks about equal groups and a scale factor. Actual case: Move 139 centimeters onto an equivalent millimeters unit scale. Respond with the operation code.
quantity-composition/promotion/000754	Route this quantity case. Background: A discarded note talks about pooling two fractional shares. Actual case: The expression 4*x+94 lands on -42; identify x. Respond with the operation code.
quantity-composition/promotion/000755	Route this quantity case. Background: A discarded note talks about isolating an unknown in an equation. Actual case: Determine their joint signed total: 215 with 107. Respond with the operation code.
quantity-composition/promotion/000756	Route this quantity case. Background: A discarded note talks about joining two unrelated signed amounts. Actual case: Determine the repeated-group amount for -45 groups of -35. Respond with the operation code.
quantity-composition/promotion/000757	Route this quantity case. Background: A discarded note talks about equal groups and a scale factor. Actual case: Determine the joint rational amount for 10/11 with -15/17. Respond with the operation code.
quantity-composition/promotion/000758	Route this quantity case. Background: A discarded note talks about pooling two fractional shares. Actual case: Give the centimeters form of a quantity recorded as 384 meters. Respond with the operation code.
quantity-composition/promotion/000759	Route this quantity case. Background: A discarded note talks about restating meters in centimeters. Actual case: Supply the missing number x that satisfies 6*x+14=248. Respond with the operation code.
quantity-composition/promotion/000760	Route this quantity case. Background: A discarded note talks about equal groups and a scale factor. Actual case: What amount results when 92 is added onto -173? Respond with the operation code.
quantity-composition/promotion/000761	Route this quantity case. Background: A discarded note talks about pooling two fractional shares. Actual case: What is produced by 35 copies of 1? Respond with the operation code.
quantity-composition/promotion/000762	Route this quantity case. Background: A discarded note talks about restating meters in centimeters. Actual case: What combined fraction is formed from 5/21 plus 18/5? Respond with the operation code.
quantity-composition/promotion/000763	Route this quantity case. Background: A discarded note talks about isolating an unknown in an equation. Actual case: How many millimeters represent the same length or mass as 117 centimeters? Respond with the operation code.
quantity-composition/promotion/000764	Route this quantity case. Background: A discarded note talks about joining two unrelated signed amounts. Actual case: What value must x have for 23*x+-18 to equal -685? Respond with the operation code.
quantity-composition/promotion/000765	Route this quantity case. Background: A discarded note talks about pooling two fractional shares. Actual case: Merge a signed change of 296 into an initial 382. Respond with the operation code.
quantity-composition/promotion/000766	Route this quantity case. Background: A discarded note talks about restating meters in centimeters. Actual case: Combine -31 equal batches, with -14 in every batch. Respond with the operation code.
quantity-composition/promotion/000767	Route this quantity case. Background: A discarded note talks about isolating an unknown in an equation. Actual case: Pool the rational portions 4/20 and 5/15. Respond with the operation code.
quantity-composition/promotion/000768	Route this quantity case. Background: A discarded note talks about joining two unrelated signed amounts. Actual case: Use millimeters, rather than centimeters, to write the measure 189. Respond with the operation code.
quantity-composition/promotion/000769	Route this quantity case. Background: A discarded note talks about equal groups and a scale factor. Actual case: Undo the linear balance 157=-8+11*x and report x. Respond with the operation code.
quantity-composition/promotion/000770	Route this quantity case. Background: A discarded note talks about restating meters in centimeters. Actual case: Place -219 on top of -989 and report the combined amount. Respond with the operation code.
quantity-composition/promotion/000771	Route this quantity case. Background: A discarded note talks about isolating an unknown in an equation. Actual case: Enlarge the signed value -42 by a scale of -32. Respond with the operation code.
quantity-composition/promotion/000772	Route this quantity case. Background: A discarded note talks about joining two unrelated signed amounts. Actual case: Place the share -18/19 alongside the existing share 17/13. Respond with the operation code.
quantity-composition/promotion/000773	Route this quantity case. Background: A discarded note talks about equal groups and a scale factor. Actual case: Move 501 meters onto an equivalent centimeters unit scale. Respond with the operation code.
quantity-composition/promotion/000774	Route this quantity case. Background: A discarded note talks about pooling two fractional shares. Actual case: The expression 24*x+-93 lands on -2109; identify x. Respond with the operation code.
quantity-composition/promotion/000775	Route this quantity case. Background: A discarded note talks about isolating an unknown in an equation. Actual case: Determine their joint signed total: -341 with -693. Respond with the operation code.
quantity-composition/promotion/000776	Route this quantity case. Background: A discarded note talks about joining two unrelated signed amounts. Actual case: Determine the repeated-group amount for -21 groups of 31. Respond with the operation code.
quantity-composition/promotion/000777	Route this quantity case. Background: A discarded note talks about equal groups and a scale factor. Actual case: Determine the joint rational amount for 22/12 with -7/14. Respond with the operation code.
quantity-composition/promotion/000778	Route this quantity case. Background: A discarded note talks about pooling two fractional shares. Actual case: Give the centimeters form of a quantity recorded as 526 meters. Respond with the operation code.
quantity-composition/promotion/000779	Route this quantity case. Background: A discarded note talks about restating meters in centimeters. Actual case: Supply the missing number x that satisfies 5*x+-50=-105. Respond with the operation code.
quantity-composition/promotion/000780	Route this quantity case. Background: A discarded note talks about equal groups and a scale factor. Actual case: What amount results when -223 is added onto 882? Respond with the operation code.
quantity-composition/promotion/000781	Route this quantity case. Background: A discarded note talks about pooling two fractional shares. Actual case: What is produced by -11 copies of 40? Respond with the operation code.
quantity-composition/promotion/000782	Route this quantity case. Background: A discarded note talks about restating meters in centimeters. Actual case: What combined fraction is formed from -21/13 plus -7/14? Respond with the operation code.
quantity-composition/promotion/000783	Route this quantity case. Background: A discarded note talks about isolating an unknown in an equation. Actual case: How many millimeters represent the same length or mass as 281 centimeters? Respond with the operation code.
quantity-composition/promotion/000784	Route this quantity case. Background: A discarded note talks about joining two unrelated signed amounts. Actual case: What value must x have for 11*x+87 to equal 835? Respond with the operation code.
quantity-composition/promotion/000785	Route this quantity case. Background: A discarded note talks about pooling two fractional shares. Actual case: Merge a signed change of 882 into an initial -267. Respond with the operation code.
quantity-composition/promotion/000786	Route this quantity case. Background: A discarded note talks about restating meters in centimeters. Actual case: Combine -30 equal batches, with -30 in every batch. Respond with the operation code.
quantity-composition/promotion/000787	Route this quantity case. Background: A discarded note talks about isolating an unknown in an equation. Actual case: Pool the rational portions 16/9 and 15/16. Respond with the operation code.
quantity-composition/promotion/000788	Route this quantity case. Background: A discarded note talks about joining two unrelated signed amounts. Actual case: Use centimeters, rather than meters, to write the measure 39. Respond with the operation code.
quantity-composition/promotion/000789	Route this quantity case. Background: A discarded note talks about equal groups and a scale factor. Actual case: Undo the linear balance 237=87+2*x and report x. Respond with the operation code.
quantity-composition/promotion/000790	Route this quantity case. Background: A discarded note talks about restating meters in centimeters. Actual case: Place 929 on top of 672 and report the combined amount. Respond with the operation code.
quantity-composition/promotion/000791	Route this quantity case. Background: A discarded note talks about isolating an unknown in an equation. Actual case: Enlarge the signed value -48 by a scale of -48. Respond with the operation code.
quantity-composition/promotion/000792	Route this quantity case. Background: A discarded note talks about joining two unrelated signed amounts. Actual case: Place the share -20/17 alongside the existing share 16/12. Respond with the operation code.
quantity-composition/promotion/000793	Route this quantity case. Background: A discarded note talks about equal groups and a scale factor. Actual case: Move 482 centimeters onto an equivalent millimeters unit scale. Respond with the operation code.
quantity-composition/promotion/000794	Route this quantity case. Background: A discarded note talks about pooling two fractional shares. Actual case: The expression 13*x+33 lands on 202; identify x. Respond with the operation code.
quantity-composition/promotion/000795	Route this quantity case. Background: A discarded note talks about isolating an unknown in an equation. Actual case: Determine their joint signed total: -838 with -552. Respond with the operation code.
quantity-composition/promotion/000796	Route this quantity case. Background: A discarded note talks about joining two unrelated signed amounts. Actual case: Determine the repeated-group amount for 41 groups of 34. Respond with the operation code.
quantity-composition/promotion/000797	Route this quantity case. Background: A discarded note talks about equal groups and a scale factor. Actual case: Determine the joint rational amount for 11/5 with 12/8. Respond with the operation code.
quantity-composition/promotion/000798	Route this quantity case. Background: A discarded note talks about pooling two fractional shares. Actual case: Give the millimeters form of a quantity recorded as 195 centimeters. Respond with the operation code.
quantity-composition/promotion/000799	Route this quantity case. Background: A discarded note talks about restating meters in centimeters. Actual case: Supply the missing number x that satisfies 12*x+66=-990. Respond with the operation code.
quantity-composition/promotion/000800	Route this quantity case. Background: A discarded note talks about equal groups and a scale factor. Actual case: What amount results when -196 is added onto -487? Respond with the operation code.
quantity-composition/promotion/000801	Route this quantity case. Background: A discarded note talks about pooling two fractional shares. Actual case: What is produced by 34 copies of 43? Respond with the operation code.
quantity-composition/promotion/000802	Route this quantity case. Background: A discarded note talks about restating meters in centimeters. Actual case: What combined fraction is formed from -12/10 plus -14/9? Respond with the operation code.
quantity-composition/promotion/000803	Route this quantity case. Background: A discarded note talks about isolating an unknown in an equation. Actual case: How many millimeters represent the same length or mass as 936 centimeters? Respond with the operation code.
quantity-composition/promotion/000804	Route this quantity case. Background: A discarded note talks about joining two unrelated signed amounts. Actual case: What value must x have for 18*x+29 to equal 1307? Respond with the operation code.
quantity-composition/promotion/000805	Route this quantity case. Background: A discarded note talks about pooling two fractional shares. Actual case: Merge a signed change of 993 into an initial 244. Respond with the operation code.
quantity-composition/promotion/000806	Route this quantity case. Background: A discarded note talks about restating meters in centimeters. Actual case: Combine 6 equal batches, with -41 in every batch. Respond with the operation code.
quantity-composition/promotion/000807	Route this quantity case. Background: A discarded note talks about isolating an unknown in an equation. Actual case: Pool the rational portions 13/3 and -14/3. Respond with the operation code.
quantity-composition/promotion/000808	Route this quantity case. Background: A discarded note talks about joining two unrelated signed amounts. Actual case: Use grams, rather than kilograms, to write the measure 115. Respond with the operation code.
quantity-composition/promotion/000809	Route this quantity case. Background: A discarded note talks about equal groups and a scale factor. Actual case: Undo the linear balance 2417=89+24*x and report x. Respond with the operation code.
quantity-composition/promotion/000810	Route this quantity case. Background: A discarded note talks about restating meters in centimeters. Actual case: Place 688 on top of -422 and report the combined amount. Respond with the operation code.
quantity-composition/promotion/000811	Route this quantity case. Background: A discarded note talks about isolating an unknown in an equation. Actual case: Enlarge the signed value 8 by a scale of -6. Respond with the operation code.
quantity-composition/promotion/000812	Route this quantity case. Background: A discarded note talks about joining two unrelated signed amounts. Actual case: Place the share -15/18 alongside the existing share -11/15. Respond with the operation code.
quantity-composition/promotion/000813	Route this quantity case. Background: A discarded note talks about equal groups and a scale factor. Actual case: Move 388 meters onto an equivalent centimeters unit scale. Respond with the operation code.
quantity-composition/promotion/000814	Route this quantity case. Background: A discarded note talks about pooling two fractional shares. Actual case: The expression 3*x+64 lands on 205; identify x. Respond with the operation code.
quantity-composition/promotion/000815	Route this quantity case. Background: A discarded note talks about isolating an unknown in an equation. Actual case: Determine their joint signed total: -525 with 168. Respond with the operation code.
quantity-composition/promotion/000816	Route this quantity case. Background: A discarded note talks about joining two unrelated signed amounts. Actual case: Determine the repeated-group amount for -10 groups of 16. Respond with the operation code.
quantity-composition/promotion/000817	Route this quantity case. Background: A discarded note talks about equal groups and a scale factor. Actual case: Determine the joint rational amount for 23/6 with -12/7. Respond with the operation code.
quantity-composition/promotion/000818	Route this quantity case. Background: A discarded note talks about pooling two fractional shares. Actual case: Give the millimeters form of a quantity recorded as 467 centimeters. Respond with the operation code.
quantity-composition/promotion/000819	Route this quantity case. Background: A discarded note talks about restating meters in centimeters. Actual case: Supply the missing number x that satisfies 14*x+60=-360. Respond with the operation code.
quantity-composition/promotion/000820	Route this quantity case. Background: A discarded note talks about equal groups and a scale factor. Actual case: What amount results when -172 is added onto 305? Respond with the operation code.
quantity-composition/promotion/000821	Route this quantity case. Background: A discarded note talks about pooling two fractional shares. Actual case: What is produced by 15 copies of -44? Respond with the operation code.
quantity-composition/promotion/000822	Route this quantity case. Background: A discarded note talks about restating meters in centimeters. Actual case: What combined fraction is formed from 20/1 plus -19/5? Respond with the operation code.
quantity-composition/promotion/000823	Route this quantity case. Background: A discarded note talks about isolating an unknown in an equation. Actual case: How many centimeters represent the same length or mass as 240 meters? Respond with the operation code.
quantity-composition/promotion/000824	Route this quantity case. Background: A discarded note talks about joining two unrelated signed amounts. Actual case: What value must x have for 8*x+-12 to equal -132? Respond with the operation code.
quantity-composition/promotion/000825	Route this quantity case. Background: A discarded note talks about pooling two fractional shares. Actual case: Merge a signed change of 126 into an initial 110. Respond with the operation code.
quantity-composition/promotion/000826	Route this quantity case. Background: A discarded note talks about restating meters in centimeters. Actual case: Combine -2 equal batches, with -9 in every batch. Respond with the operation code.
quantity-composition/promotion/000827	Route this quantity case. Background: A discarded note talks about isolating an unknown in an equation. Actual case: Pool the rational portions 8/16 and 17/12. Respond with the operation code.
quantity-composition/promotion/000828	Route this quantity case. Background: A discarded note talks about joining two unrelated signed amounts. Actual case: Use millimeters, rather than centimeters, to write the measure 175. Respond with the operation code.
quantity-composition/promotion/000829	Route this quantity case. Background: A discarded note talks about equal groups and a scale factor. Actual case: Undo the linear balance 73=64+1*x and report x. Respond with the operation code.
quantity-composition/promotion/000830	Route this quantity case. Background: A discarded note talks about restating meters in centimeters. Actual case: Place 513 on top of -900 and report the combined amount. Respond with the operation code.
quantity-composition/promotion/000831	Route this quantity case. Background: A discarded note talks about isolating an unknown in an equation. Actual case: Enlarge the signed value 24 by a scale of -33. Respond with the operation code.
quantity-composition/promotion/000832	Route this quantity case. Background: A discarded note talks about joining two unrelated signed amounts. Actual case: Place the share 23/13 alongside the existing share -15/20. Respond with the operation code.
quantity-composition/promotion/000833	Route this quantity case. Background: A discarded note talks about equal groups and a scale factor. Actual case: Move 143 meters onto an equivalent centimeters unit scale. Respond with the operation code.
quantity-composition/promotion/000834	Route this quantity case. Background: A discarded note talks about pooling two fractional shares. Actual case: The expression 1*x+-46 lands on -41; identify x. Respond with the operation code.
quantity-composition/promotion/000835	Route this quantity case. Background: A discarded note talks about isolating an unknown in an equation. Actual case: Determine their joint signed total: -593 with -734. Respond with the operation code.
quantity-composition/promotion/000836	Route this quantity case. Background: A discarded note talks about joining two unrelated signed amounts. Actual case: Determine the repeated-group amount for -24 groups of 14. Respond with the operation code.
quantity-composition/promotion/000837	Route this quantity case. Background: A discarded note talks about equal groups and a scale factor. Actual case: Determine the joint rational amount for -14/18 with 9/15. Respond with the operation code.
quantity-composition/promotion/000838	Route this quantity case. Background: A discarded note talks about pooling two fractional shares. Actual case: Give the centimeters form of a quantity recorded as 586 meters. Respond with the operation code.
quantity-composition/promotion/000839	Route this quantity case. Background: A discarded note talks about restating meters in centimeters. Actual case: Supply the missing number x that satisfies 16*x+-66=-834. Respond with the operation code.
quantity-composition/promotion/000840	Route this quantity case. Background: A discarded note talks about equal groups and a scale factor. Actual case: What amount results when -297 is added onto -318? Respond with the operation code.
quantity-composition/promotion/000841	Route this quantity case. Background: A discarded note talks about pooling two fractional shares. Actual case: What is produced by -49 copies of 24? Respond with the operation code.
quantity-composition/promotion/000842	Route this quantity case. Background: A discarded note talks about restating meters in centimeters. Actual case: What combined fraction is formed from -19/14 plus 0/11? Respond with the operation code.
quantity-composition/promotion/000843	Route this quantity case. Background: A discarded note talks about isolating an unknown in an equation. Actual case: How many millimeters represent the same length or mass as 593 centimeters? Respond with the operation code.
quantity-composition/promotion/000844	Route this quantity case. Background: A discarded note talks about joining two unrelated signed amounts. Actual case: What value must x have for 13*x+-18 to equal -31? Respond with the operation code.
quantity-composition/promotion/000845	Route this quantity case. Background: A discarded note talks about pooling two fractional shares. Actual case: Merge a signed change of -513 into an initial -830. Respond with the operation code.
quantity-composition/promotion/000846	Route this quantity case. Background: A discarded note talks about restating meters in centimeters. Actual case: Combine 12 equal batches, with 40 in every batch. Respond with the operation code.
quantity-composition/promotion/000847	Route this quantity case. Background: A discarded note talks about isolating an unknown in an equation. Actual case: Pool the rational portions 24/24 and 16/2. Respond with the operation code.
quantity-composition/promotion/000848	Route this quantity case. Background: A discarded note talks about joining two unrelated signed amounts. Actual case: Use grams, rather than kilograms, to write the measure 365. Respond with the operation code.
quantity-composition/promotion/000849	Route this quantity case. Background: A discarded note talks about equal groups and a scale factor. Actual case: Undo the linear balance 792=92+20*x and report x. Respond with the operation code.
quantity-composition/promotion/000850	Route this quantity case. Background: A discarded note talks about restating meters in centimeters. Actual case: Place 977 on top of 85 and report the combined amount. Respond with the operation code.
quantity-composition/promotion/000851	Route this quantity case. Background: A discarded note talks about isolating an unknown in an equation. Actual case: Enlarge the signed value 45 by a scale of -9. Respond with the operation code.
quantity-composition/promotion/000852	Route this quantity case. Background: A discarded note talks about joining two unrelated signed amounts. Actual case: Place the share 16/12 alongside the existing share -17/7. Respond with the operation code.
quantity-composition/promotion/000853	Route this quantity case. Background: A discarded note talks about equal groups and a scale factor. Actual case: Move 957 centimeters onto an equivalent millimeters unit scale. Respond with the operation code.
quantity-composition/promotion/000854	Route this quantity case. Background: A discarded note talks about pooling two fractional shares. Actual case: The expression 17*x+34 lands on -680; identify x. Respond with the operation code.
quantity-composition/promotion/000855	Route this quantity case. Background: A discarded note talks about isolating an unknown in an equation. Actual case: Determine their joint signed total: -438 with -392. Respond with the operation code.
quantity-composition/promotion/000856	Route this quantity case. Background: A discarded note talks about joining two unrelated signed amounts. Actual case: Determine the repeated-group amount for 34 groups of 34. Respond with the operation code.
quantity-composition/promotion/000857	Route this quantity case. Background: A discarded note talks about equal groups and a scale factor. Actual case: Determine the joint rational amount for 24/23 with 20/22. Respond with the operation code.
quantity-composition/promotion/000858	Route this quantity case. Background: A discarded note talks about pooling two fractional shares. Actual case: Give the grams form of a quantity recorded as 277 kilograms. Respond with the operation code.
quantity-composition/promotion/000859	Route this quantity case. Background: A discarded note talks about restating meters in centimeters. Actual case: Supply the missing number x that satisfies 2*x+-72=48. Respond with the operation code.
quantity-composition/promotion/000860	Route this quantity case. Background: A discarded note talks about equal groups and a scale factor. Actual case: What amount results when -940 is added onto -514? Respond with the operation code.
quantity-composition/promotion/000861	Route this quantity case. Background: A discarded note talks about pooling two fractional shares. Actual case: What is produced by 23 copies of 46? Respond with the operation code.
quantity-composition/promotion/000862	Route this quantity case. Background: A discarded note talks about restating meters in centimeters. Actual case: What combined fraction is formed from -15/12 plus -1/19? Respond with the operation code.
quantity-composition/promotion/000863	Route this quantity case. Background: A discarded note talks about isolating an unknown in an equation. Actual case: How many grams represent the same length or mass as 494 kilograms? Respond with the operation code.
quantity-composition/promotion/000864	Route this quantity case. Background: A discarded note talks about joining two unrelated signed amounts. Actual case: What value must x have for 7*x+-99 to equal -281? Respond with the operation code.
quantity-composition/promotion/000865	Route this quantity case. Background: A discarded note talks about pooling two fractional shares. Actual case: Merge a signed change of -250 into an initial 781. Respond with the operation code.
quantity-composition/promotion/000866	Route this quantity case. Background: A discarded note talks about restating meters in centimeters. Actual case: Combine -29 equal batches, with 9 in every batch. Respond with the operation code.
quantity-composition/promotion/000867	Route this quantity case. Background: A discarded note talks about isolating an unknown in an equation. Actual case: Pool the rational portions -12/21 and -23/7. Respond with the operation code.
quantity-composition/promotion/000868	Route this quantity case. Background: A discarded note talks about joining two unrelated signed amounts. Actual case: Use millimeters, rather than centimeters, to write the measure 328. Respond with the operation code.
quantity-composition/promotion/000869	Route this quantity case. Background: A discarded note talks about equal groups and a scale factor. Actual case: Undo the linear balance 1546=-88+19*x and report x. Respond with the operation code.
quantity-composition/promotion/000870	Route this quantity case. Background: A discarded note talks about restating meters in centimeters. Actual case: Place -41 on top of 82 and report the combined amount. Respond with the operation code.
quantity-composition/promotion/000871	Route this quantity case. Background: A discarded note talks about isolating an unknown in an equation. Actual case: Enlarge the signed value -13 by a scale of -46. Respond with the operation code.
quantity-composition/promotion/000872	Route this quantity case. Background: A discarded note talks about joining two unrelated signed amounts. Actual case: Place the share 11/18 alongside the existing share 3/1. Respond with the operation code.
quantity-composition/promotion/000873	Route this quantity case. Background: A discarded note talks about equal groups and a scale factor. Actual case: Move 537 centimeters onto an equivalent millimeters unit scale. Respond with the operation code.
quantity-composition/promotion/000874	Route this quantity case. Background: A discarded note talks about pooling two fractional shares. Actual case: The expression 19*x+25 lands on 1887; identify x. Respond with the operation code.
quantity-composition/promotion/000875	Route this quantity case. Background: A discarded note talks about isolating an unknown in an equation. Actual case: Determine their joint signed total: -372 with 862. Respond with the operation code.
quantity-composition/promotion/000876	Route this quantity case. Background: A discarded note talks about joining two unrelated signed amounts. Actual case: Determine the repeated-group amount for -7 groups of 29. Respond with the operation code.
quantity-composition/promotion/000877	Route this quantity case. Background: A discarded note talks about equal groups and a scale factor. Actual case: Determine the joint rational amount for 17/23 with 15/13. Respond with the operation code.
quantity-composition/promotion/000878	Route this quantity case. Background: A discarded note talks about pooling two fractional shares. Actual case: Give the grams form of a quantity recorded as 688 kilograms. Respond with the operation code.
quantity-composition/promotion/000879	Route this quantity case. Background: A discarded note talks about restating meters in centimeters. Actual case: Supply the missing number x that satisfies 3*x+-48=57. Respond with the operation code.
quantity-composition/promotion/000880	Route this quantity case. Background: A discarded note talks about equal groups and a scale factor. Actual case: What amount results when -179 is added onto -205? Respond with the operation code.
quantity-composition/promotion/000881	Route this quantity case. Background: A discarded note talks about pooling two fractional shares. Actual case: What is produced by -22 copies of -17? Respond with the operation code.
quantity-composition/promotion/000882	Route this quantity case. Background: A discarded note talks about restating meters in centimeters. Actual case: What combined fraction is formed from 12/21 plus 9/1? Respond with the operation code.
quantity-composition/promotion/000883	Route this quantity case. Background: A discarded note talks about isolating an unknown in an equation. Actual case: How many grams represent the same length or mass as 490 kilograms? Respond with the operation code.
quantity-composition/promotion/000884	Route this quantity case. Background: A discarded note talks about joining two unrelated signed amounts. Actual case: What value must x have for 22*x+91 to equal 1565? Respond with the operation code.
quantity-composition/promotion/000885	Route this quantity case. Background: A discarded note talks about pooling two fractional shares. Actual case: Merge a signed change of -491 into an initial 700. Respond with the operation code.
quantity-composition/promotion/000886	Route this quantity case. Background: A discarded note talks about restating meters in centimeters. Actual case: Combine -23 equal batches, with 46 in every batch. Respond with the operation code.
quantity-composition/promotion/000887	Route this quantity case. Background: A discarded note talks about isolating an unknown in an equation. Actual case: Pool the rational portions -9/13 and -15/14. Respond with the operation code.
quantity-composition/promotion/000888	Route this quantity case. Background: A discarded note talks about joining two unrelated signed amounts. Actual case: Use centimeters, rather than meters, to write the measure 677. Respond with the operation code.
quantity-composition/promotion/000889	Route this quantity case. Background: A discarded note talks about equal groups and a scale factor. Actual case: Undo the linear balance 596=4+16*x and report x. Respond with the operation code.
quantity-composition/promotion/000890	Route this quantity case. Background: A discarded note talks about restating meters in centimeters. Actual case: Place -872 on top of -995 and report the combined amount. Respond with the operation code.
quantity-composition/promotion/000891	Route this quantity case. Background: A discarded note talks about isolating an unknown in an equation. Actual case: Enlarge the signed value 18 by a scale of 35. Respond with the operation code.
quantity-composition/promotion/000892	Route this quantity case. Background: A discarded note talks about joining two unrelated signed amounts. Actual case: Place the share 6/13 alongside the existing share -17/22. Respond with the operation code.
quantity-composition/promotion/000893	Route this quantity case. Background: A discarded note talks about equal groups and a scale factor. Actual case: Move 390 kilograms onto an equivalent grams unit scale. Respond with the operation code.
quantity-composition/promotion/000894	Route this quantity case. Background: A discarded note talks about pooling two fractional shares. Actual case: The expression 7*x+-40 lands on 317; identify x. Respond with the operation code.
quantity-composition/promotion/000895	Route this quantity case. Background: A discarded note talks about isolating an unknown in an equation. Actual case: Determine their joint signed total: -517 with -137. Respond with the operation code.
quantity-composition/promotion/000896	Route this quantity case. Background: A discarded note talks about joining two unrelated signed amounts. Actual case: Determine the repeated-group amount for 2 groups of 11. Respond with the operation code.
quantity-composition/promotion/000897	Route this quantity case. Background: A discarded note talks about equal groups and a scale factor. Actual case: Determine the joint rational amount for 8/10 with 20/6. Respond with the operation code.
quantity-composition/promotion/000898	Route this quantity case. Background: A discarded note talks about pooling two fractional shares. Actual case: Give the grams form of a quantity recorded as 915 kilograms. Respond with the operation code.
quantity-composition/promotion/000899	Route this quantity case. Background: A discarded note talks about restating meters in centimeters. Actual case: Supply the missing number x that satisfies 1*x+77=47. Respond with the operation code.
quantity-composition/promotion/000900	Route this quantity case. Background: A discarded note talks about equal groups and a scale factor. Actual case: What amount results when -152 is added onto -297? Respond with the operation code.
quantity-composition/promotion/000901	Route this quantity case. Background: A discarded note talks about pooling two fractional shares. Actual case: What is produced by 22 copies of -41? Respond with the operation code.
quantity-composition/promotion/000902	Route this quantity case. Background: A discarded note talks about restating meters in centimeters. Actual case: What combined fraction is formed from -13/23 plus 20/1? Respond with the operation code.
quantity-composition/promotion/000903	Route this quantity case. Background: A discarded note talks about isolating an unknown in an equation. Actual case: How many centimeters represent the same length or mass as 770 meters? Respond with the operation code.
quantity-composition/promotion/000904	Route this quantity case. Background: A discarded note talks about joining two unrelated signed amounts. Actual case: What value must x have for 10*x+45 to equal 285? Respond with the operation code.
quantity-composition/promotion/000905	Route this quantity case. Background: A discarded note talks about pooling two fractional shares. Actual case: Merge a signed change of 270 into an initial -851. Respond with the operation code.
quantity-composition/promotion/000906	Route this quantity case. Background: A discarded note talks about restating meters in centimeters. Actual case: Combine 12 equal batches, with 10 in every batch. Respond with the operation code.
quantity-composition/promotion/000907	Route this quantity case. Background: A discarded note talks about isolating an unknown in an equation. Actual case: Pool the rational portions -16/3 and -5/17. Respond with the operation code.
quantity-composition/promotion/000908	Route this quantity case. Background: A discarded note talks about joining two unrelated signed amounts. Actual case: Use grams, rather than kilograms, to write the measure 350. Respond with the operation code.
quantity-composition/promotion/000909	Route this quantity case. Background: A discarded note talks about equal groups and a scale factor. Actual case: Undo the linear balance -1096=92+12*x and report x. Respond with the operation code.
quantity-composition/promotion/000910	Route this quantity case. Background: A discarded note talks about restating meters in centimeters. Actual case: Place 611 on top of 514 and report the combined amount. Respond with the operation code.
quantity-composition/promotion/000911	Route this quantity case. Background: A discarded note talks about isolating an unknown in an equation. Actual case: Enlarge the signed value -15 by a scale of -19. Respond with the operation code.
quantity-composition/promotion/000912	Route this quantity case. Background: A discarded note talks about joining two unrelated signed amounts. Actual case: Place the share -10/20 alongside the existing share 1/3. Respond with the operation code.
quantity-composition/promotion/000913	Route this quantity case. Background: A discarded note talks about equal groups and a scale factor. Actual case: Move 920 meters onto an equivalent centimeters unit scale. Respond with the operation code.
quantity-composition/promotion/000914	Route this quantity case. Background: A discarded note talks about pooling two fractional shares. Actual case: The expression 15*x+-66 lands on -981; identify x. Respond with the operation code.
quantity-composition/promotion/000915	Route this quantity case. Background: A discarded note talks about isolating an unknown in an equation. Actual case: Determine their joint signed total: 18 with -462. Respond with the operation code.
quantity-composition/promotion/000916	Route this quantity case. Background: A discarded note talks about joining two unrelated signed amounts. Actual case: Determine the repeated-group amount for 12 groups of 25. Respond with the operation code.
quantity-composition/promotion/000917	Route this quantity case. Background: A discarded note talks about equal groups and a scale factor. Actual case: Determine the joint rational amount for -5/11 with 13/12. Respond with the operation code.
quantity-composition/promotion/000918	Route this quantity case. Background: A discarded note talks about pooling two fractional shares. Actual case: Give the centimeters form of a quantity recorded as 523 meters. Respond with the operation code.
quantity-composition/promotion/000919	Route this quantity case. Background: A discarded note talks about restating meters in centimeters. Actual case: Supply the missing number x that satisfies 20*x+52=-988. Respond with the operation code.
quantity-composition/promotion/000920	Route this quantity case. Background: A discarded note talks about equal groups and a scale factor. Actual case: What amount results when -930 is added onto -296? Respond with the operation code.
quantity-composition/promotion/000921	Route this quantity case. Background: A discarded note talks about pooling two fractional shares. Actual case: What is produced by 25 copies of 19? Respond with the operation code.
quantity-composition/promotion/000922	Route this quantity case. Background: A discarded note talks about restating meters in centimeters. Actual case: What combined fraction is formed from 4/5 plus 5/10? Respond with the operation code.
quantity-composition/promotion/000923	Route this quantity case. Background: A discarded note talks about isolating an unknown in an equation. Actual case: How many centimeters represent the same length or mass as 815 meters? Respond with the operation code.
quantity-composition/promotion/000924	Route this quantity case. Background: A discarded note talks about joining two unrelated signed amounts. Actual case: What value must x have for 19*x+90 to equal -689? Respond with the operation code.
quantity-composition/promotion/000925	Route this quantity case. Background: A discarded note talks about pooling two fractional shares. Actual case: Merge a signed change of 376 into an initial -640. Respond with the operation code.
quantity-composition/promotion/000926	Route this quantity case. Background: A discarded note talks about restating meters in centimeters. Actual case: Combine 44 equal batches, with 13 in every batch. Respond with the operation code.
quantity-composition/promotion/000927	Route this quantity case. Background: A discarded note talks about isolating an unknown in an equation. Actual case: Pool the rational portions 12/5 and -3/16. Respond with the operation code.
quantity-composition/promotion/000928	Route this quantity case. Background: A discarded note talks about joining two unrelated signed amounts. Actual case: Use centimeters, rather than meters, to write the measure 457. Respond with the operation code.
quantity-composition/promotion/000929	Route this quantity case. Background: A discarded note talks about equal groups and a scale factor. Actual case: Undo the linear balance -904=-24+22*x and report x. Respond with the operation code.
quantity-composition/promotion/000930	Route this quantity case. Background: A discarded note talks about restating meters in centimeters. Actual case: Place -657 on top of 753 and report the combined amount. Respond with the operation code.
quantity-composition/promotion/000931	Route this quantity case. Background: A discarded note talks about isolating an unknown in an equation. Actual case: Enlarge the signed value -44 by a scale of -39. Respond with the operation code.
quantity-composition/promotion/000932	Route this quantity case. Background: A discarded note talks about joining two unrelated signed amounts. Actual case: Place the share -22/3 alongside the existing share 3/10. Respond with the operation code.
quantity-composition/promotion/000933	Route this quantity case. Background: A discarded note talks about equal groups and a scale factor. Actual case: Move 799 meters onto an equivalent centimeters unit scale. Respond with the operation code.
quantity-composition/promotion/000934	Route this quantity case. Background: A discarded note talks about pooling two fractional shares. Actual case: The expression 7*x+-24 lands on -710; identify x. Respond with the operation code.
quantity-composition/promotion/000935	Route this quantity case. Background: A discarded note talks about isolating an unknown in an equation. Actual case: Determine their joint signed total: 728 with -627. Respond with the operation code.
quantity-composition/promotion/000936	Route this quantity case. Background: A discarded note talks about joining two unrelated signed amounts. Actual case: Determine the repeated-group amount for -21 groups of -47. Respond with the operation code.
quantity-composition/promotion/000937	Route this quantity case. Background: A discarded note talks about equal groups and a scale factor. Actual case: Determine the joint rational amount for 4/4 with 22/21. Respond with the operation code.
quantity-composition/promotion/000938	Route this quantity case. Background: A discarded note talks about pooling two fractional shares. Actual case: Give the centimeters form of a quantity recorded as 604 meters. Respond with the operation code.
quantity-composition/promotion/000939	Route this quantity case. Background: A discarded note talks about restating meters in centimeters. Actual case: Supply the missing number x that satisfies 24*x+44=-1204. Respond with the operation code.
quantity-composition/promotion/000940	Route this quantity case. Background: A discarded note talks about equal groups and a scale factor. Actual case: What amount results when -602 is added onto -645? Respond with the operation code.
quantity-composition/promotion/000941	Route this quantity case. Background: A discarded note talks about pooling two fractional shares. Actual case: What is produced by 9 copies of -28? Respond with the operation code.
quantity-composition/promotion/000942	Route this quantity case. Background: A discarded note talks about restating meters in centimeters. Actual case: What combined fraction is formed from -14/2 plus -2/16? Respond with the operation code.
quantity-composition/promotion/000943	Route this quantity case. Background: A discarded note talks about isolating an unknown in an equation. Actual case: How many millimeters represent the same length or mass as 496 centimeters? Respond with the operation code.
quantity-composition/promotion/000944	Route this quantity case. Background: A discarded note talks about joining two unrelated signed amounts. Actual case: What value must x have for 6*x+-24 to equal -342? Respond with the operation code.
quantity-composition/promotion/000945	Route this quantity case. Background: A discarded note talks about pooling two fractional shares. Actual case: Merge a signed change of -508 into an initial 619. Respond with the operation code.
quantity-composition/promotion/000946	Route this quantity case. Background: A discarded note talks about restating meters in centimeters. Actual case: Combine -1 equal batches, with 38 in every batch. Respond with the operation code.
quantity-composition/promotion/000947	Route this quantity case. Background: A discarded note talks about isolating an unknown in an equation. Actual case: Pool the rational portions -17/18 and -15/2. Respond with the operation code.
quantity-composition/promotion/000948	Route this quantity case. Background: A discarded note talks about joining two unrelated signed amounts. Actual case: Use millimeters, rather than centimeters, to write the measure 334. Respond with the operation code.
quantity-composition/promotion/000949	Route this quantity case. Background: A discarded note talks about equal groups and a scale factor. Actual case: Undo the linear balance -154=42+7*x and report x. Respond with the operation code.
quantity-composition/promotion/000950	Route this quantity case. Background: A discarded note talks about restating meters in centimeters. Actual case: Place -840 on top of 711 and report the combined amount. Respond with the operation code.
quantity-composition/promotion/000951	Route this quantity case. Background: A discarded note talks about isolating an unknown in an equation. Actual case: Enlarge the signed value 44 by a scale of -22. Respond with the operation code.
quantity-composition/promotion/000952	Route this quantity case. Background: A discarded note talks about joining two unrelated signed amounts. Actual case: Place the share -15/13 alongside the existing share 18/9. Respond with the operation code.
quantity-composition/promotion/000953	Route this quantity case. Background: A discarded note talks about equal groups and a scale factor. Actual case: Move 281 centimeters onto an equivalent millimeters unit scale. Respond with the operation code.
quantity-composition/promotion/000954	Route this quantity case. Background: A discarded note talks about pooling two fractional shares. Actual case: The expression 7*x+30 lands on -404; identify x. Respond with the operation code.
quantity-composition/promotion/000955	Route this quantity case. Background: A discarded note talks about isolating an unknown in an equation. Actual case: Determine their joint signed total: 120 with 676. Respond with the operation code.
quantity-composition/promotion/000956	Route this quantity case. Background: A discarded note talks about joining two unrelated signed amounts. Actual case: Determine the repeated-group amount for -40 groups of -45. Respond with the operation code.
quantity-composition/promotion/000957	Route this quantity case. Background: A discarded note talks about equal groups and a scale factor. Actual case: Determine the joint rational amount for -10/7 with 20/20. Respond with the operation code.
quantity-composition/promotion/000958	Route this quantity case. Background: A discarded note talks about pooling two fractional shares. Actual case: Give the centimeters form of a quantity recorded as 345 meters. Respond with the operation code.
quantity-composition/promotion/000959	Route this quantity case. Background: A discarded note talks about restating meters in centimeters. Actual case: Supply the missing number x that satisfies 13*x+-57=-1331. Respond with the operation code.
quantity-composition/promotion/000960	Route this quantity case. Background: A discarded note talks about equal groups and a scale factor. Actual case: What amount results when 682 is added onto 959? Respond with the operation code.
quantity-composition/promotion/000961	Route this quantity case. Background: A discarded note talks about pooling two fractional shares. Actual case: What is produced by -13 copies of 11? Respond with the operation code.
quantity-composition/promotion/000962	Route this quantity case. Background: A discarded note talks about restating meters in centimeters. Actual case: What combined fraction is formed from -11/15 plus 5/14? Respond with the operation code.
quantity-composition/promotion/000963	Route this quantity case. Background: A discarded note talks about isolating an unknown in an equation. Actual case: How many millimeters represent the same length or mass as 786 centimeters? Respond with the operation code.
quantity-composition/promotion/000964	Route this quantity case. Background: A discarded note talks about joining two unrelated signed amounts. Actual case: What value must x have for 4*x+-31 to equal 77? Respond with the operation code.
quantity-composition/promotion/000965	Route this quantity case. Background: A discarded note talks about pooling two fractional shares. Actual case: Merge a signed change of 290 into an initial -239. Respond with the operation code.
quantity-composition/promotion/000966	Route this quantity case. Background: A discarded note talks about restating meters in centimeters. Actual case: Combine -46 equal batches, with 27 in every batch. Respond with the operation code.
quantity-composition/promotion/000967	Route this quantity case. Background: A discarded note talks about isolating an unknown in an equation. Actual case: Pool the rational portions 2/17 and -10/16. Respond with the operation code.
quantity-composition/promotion/000968	Route this quantity case. Background: A discarded note talks about joining two unrelated signed amounts. Actual case: Use centimeters, rather than meters, to write the measure 255. Respond with the operation code.
quantity-composition/promotion/000969	Route this quantity case. Background: A discarded note talks about equal groups and a scale factor. Actual case: Undo the linear balance 1337=45+19*x and report x. Respond with the operation code.
quantity-composition/promotion/000970	Route this quantity case. Background: A discarded note talks about restating meters in centimeters. Actual case: Place -123 on top of -391 and report the combined amount. Respond with the operation code.
quantity-composition/promotion/000971	Route this quantity case. Background: A discarded note talks about isolating an unknown in an equation. Actual case: Enlarge the signed value -20 by a scale of 23. Respond with the operation code.
quantity-composition/promotion/000972	Route this quantity case. Background: A discarded note talks about joining two unrelated signed amounts. Actual case: Place the share -21/15 alongside the existing share 8/10. Respond with the operation code.
quantity-composition/promotion/000973	Route this quantity case. Background: A discarded note talks about equal groups and a scale factor. Actual case: Move 520 kilograms onto an equivalent grams unit scale. Respond with the operation code.
quantity-composition/promotion/000974	Route this quantity case. Background: A discarded note talks about pooling two fractional shares. Actual case: The expression 10*x+97 lands on -663; identify x. Respond with the operation code.
quantity-composition/promotion/000975	Route this quantity case. Background: A discarded note talks about isolating an unknown in an equation. Actual case: Determine their joint signed total: 142 with -81. Respond with the operation code.
quantity-composition/promotion/000976	Route this quantity case. Background: A discarded note talks about joining two unrelated signed amounts. Actual case: Determine the repeated-group amount for -21 groups of -31. Respond with the operation code.
quantity-composition/promotion/000977	Route this quantity case. Background: A discarded note talks about equal groups and a scale factor. Actual case: Determine the joint rational amount for -1/10 with 4/13. Respond with the operation code.
quantity-composition/promotion/000978	Route this quantity case. Background: A discarded note talks about pooling two fractional shares. Actual case: Give the millimeters form of a quantity recorded as 2 centimeters. Respond with the operation code.
quantity-composition/promotion/000979	Route this quantity case. Background: A discarded note talks about restating meters in centimeters. Actual case: Supply the missing number x that satisfies 2*x+-28=28. Respond with the operation code.
quantity-composition/promotion/000980	Route this quantity case. Background: A discarded note talks about equal groups and a scale factor. Actual case: What amount results when 921 is added onto 162? Respond with the operation code.
quantity-composition/promotion/000981	Route this quantity case. Background: A discarded note talks about pooling two fractional shares. Actual case: What is produced by 26 copies of -28? Respond with the operation code.
quantity-composition/promotion/000982	Route this quantity case. Background: A discarded note talks about restating meters in centimeters. Actual case: What combined fraction is formed from 8/6 plus 14/14? Respond with the operation code.
quantity-composition/promotion/000983	Route this quantity case. Background: A discarded note talks about isolating an unknown in an equation. Actual case: How many centimeters represent the same length or mass as 228 meters? Respond with the operation code.
quantity-composition/promotion/000984	Route this quantity case. Background: A discarded note talks about joining two unrelated signed amounts. Actual case: What value must x have for 22*x+-81 to equal 689? Respond with the operation code.
quantity-composition/promotion/000985	Route this quantity case. Background: A discarded note talks about pooling two fractional shares. Actual case: Merge a signed change of 469 into an initial -722. Respond with the operation code.
quantity-composition/promotion/000986	Route this quantity case. Background: A discarded note talks about restating meters in centimeters. Actual case: Combine -20 equal batches, with 7 in every batch. Respond with the operation code.
quantity-composition/promotion/000987	Route this quantity case. Background: A discarded note talks about isolating an unknown in an equation. Actual case: Pool the rational portions -21/16 and -12/7. Respond with the operation code.
quantity-composition/promotion/000988	Route this quantity case. Background: A discarded note talks about joining two unrelated signed amounts. Actual case: Use grams, rather than kilograms, to write the measure 454. Respond with the operation code.
quantity-composition/promotion/000989	Route this quantity case. Background: A discarded note talks about equal groups and a scale factor. Actual case: Undo the linear balance -409=-85+18*x and report x. Respond with the operation code.
quantity-composition/promotion/000990	Route this quantity case. Background: A discarded note talks about restating meters in centimeters. Actual case: Place -847 on top of -308 and report the combined amount. Respond with the operation code.
quantity-composition/promotion/000991	Route this quantity case. Background: A discarded note talks about isolating an unknown in an equation. Actual case: Enlarge the signed value 30 by a scale of 1. Respond with the operation code.
quantity-composition/promotion/000992	Route this quantity case. Background: A discarded note talks about joining two unrelated signed amounts. Actual case: Place the share 22/1 alongside the existing share 7/15. Respond with the operation code.
quantity-composition/promotion/000993	Route this quantity case. Background: A discarded note talks about equal groups and a scale factor. Actual case: Move 772 centimeters onto an equivalent millimeters unit scale. Respond with the operation code.
quantity-composition/promotion/000994	Route this quantity case. Background: A discarded note talks about pooling two fractional shares. Actual case: The expression 16*x+17 lands on 1457; identify x. Respond with the operation code.
quantity-composition/promotion/000995	Route this quantity case. Background: A discarded note talks about isolating an unknown in an equation. Actual case: Determine their joint signed total: 664 with 258. Respond with the operation code.
quantity-composition/promotion/000996	Route this quantity case. Background: A discarded note talks about joining two unrelated signed amounts. Actual case: Determine the repeated-group amount for 19 groups of 35. Respond with the operation code.
quantity-composition/promotion/000997	Route this quantity case. Background: A discarded note talks about equal groups and a scale factor. Actual case: Determine the joint rational amount for -14/23 with 4/2. Respond with the operation code.
quantity-composition/promotion/000998	Route this quantity case. Background: A discarded note talks about pooling two fractional shares. Actual case: Give the millimeters form of a quantity recorded as 225 centimeters. Respond with the operation code.
quantity-composition/promotion/000999	Route this quantity case. Background: A discarded note talks about restating meters in centimeters. Actual case: Supply the missing number x that satisfies 13*x+10=-341. Respond with the operation code.
