number	primary_name	aliases	slice_id	label	source_file	ink_128_u8	signature_16x16	text
1	Bael	Bael	slice-0079-front-3-seal-grid-r01-c01	front-3-seal-grid-r01-c01	images/front-3.jpg	slices/ink-128-u8/slice-0079-front-3-seal-grid-r01-c01.u8	61,58,59,59,57,69,89,98,102,75,52,51,54,57,57,71,16,51,15,36,65,43,23,69,25,31,50,55,23,18,19,48,15,13,49,50,17,45,52,53,48,50,31,25,70,30,18,45,17,44,47,25,55,26,16,16,15,17,43,54,19,69,22,49,25,61,22,89,98,114,16,21,17,42,110,118,53,29,63,45,54,27,50,50,111,42,17,112,58,28,54,123,41,33,65,49,69,15,51,16,24,55,110,99,104,106,15,25,15,49,39,66,73,35,43,14,13,19,45,107,73,41,15,15,14,52,36,86,80,51,42,14,13,18,69,102,79,48,14,13,14,53,46,84,74,14,51,13,14,58,34,91,70,43,27,13,16,45,36,69,66,20,51,13,53,34,17,31,17,15,51,18,36,30,63,51,28,64,17,87,85,15,15,15,14,12,56,68,52,19,65,42,18,57,37,28,63,17,13,14,13,13,30,60,14,65,23,40,18,12,60,35,13,46,47,42,49,58,38,14,65,34,14,46,14,13,12,47,61,30,12,41,43,15,41,63,27,13,13,44,11,8,9,12,21,42,56,54,52,48,28,12,14,14,16,39	(1.) Bael. —The First Principal Spirit is a King ruling in the East, called Bael. He maketh thee to go Invisible. He ruleth over 66 Legions of Infernal Spirits. He appeareth in divers shapes, sometimes like a Cat, sometimes like a Toad, and sometimes like a Man, and sometimes all these forms at once. He speaketh hoarsely. This is his character which is used to be worn as a Lamen before him who calleth him forth, or else he will not do thee homage.
2	Agares	Agares	slice-0080-front-3-seal-grid-r01-c02	front-3-seal-grid-r01-c02	images/front-3.jpg	slices/ink-128-u8/slice-0080-front-3-seal-grid-r01-c02.u8	53,50,49,49,55,72,93,87,90,66,51,43,47,48,49,66,34,25,16,53,62,37,20,66,20,39,64,64,26,20,21,52,17,18,63,35,23,50,51,48,51,57,32,34,83,25,19,55,17,57,68,36,96,38,23,85,37,32,96,53,63,84,21,52,33,61,44,66,54,54,58,107,60,58,82,58,74,54,53,51,65,22,50,60,47,43,26,55,42,57,76,36,54,20,77,59,62,24,43,19,54,97,106,83,124,73,57,19,30,44,70,77,63,35,24,19,59,58,34,142,51,86,20,21,19,53,55,95,59,34,56,51,94,33,21,23,18,25,116,95,52,48,48,88,61,16,110,23,144,47,66,66,71,70,72,91,91,37,63,66,57,23,77,88,166,79,43,46,41,41,100,133,84,17,75,51,23,72,24,65,85,51,55,58,65,64,96,59,48,50,47,50,12,54,61,53,55,86,63,51,57,85,75,51,67,71,17,51,12,12,56,50,12,39,51,71,58,47,21,35,75,20,17,49,8,9,12,37,68,45,22,63,24,40,66,60,16,15,14,50,10,9,10,12,12,27,48,50,50,36,18,16,17,17,18,38	(2.) Agares. —The Second Spirit is a Duke called Agreas, or Agares. He is under the Power of the East, and cometh up in the form of an old fair Man, riding upon a Crocodile, carrying a Goshawk upon his fist, and yet mild in appearance. He maketh them to run that stand still, and bringeth back runaways. He teaches all Languages or Tongues presently. He hath power also to destroy Dignities both Spiritual and Temporal, and causeth Earthquakes. He was of the Order of Virtues. He hath under his government 31 Legions of Spirits. And this is his Seal or Character which thou shalt wear as a Lamen before thee.
3	Vassago	Vassago	slice-0081-front-3-seal-grid-r01-c03	front-3-seal-grid-r01-c03	images/front-3.jpg	slices/ink-128-u8/slice-0081-front-3-seal-grid-r01-c03.u8	50,44,40,43,64,88,95,80,93,78,48,35,35,34,37,70,52,19,37,76,46,19,50,54,21,29,70,80,27,24,26,65,20,45,63,20,54,60,97,82,57,63,38,40,86,29,25,70,34,85,73,81,32,17,88,117,44,18,74,81,85,80,25,67,73,21,58,76,74,15,65,126,21,23,95,85,53,66,46,65,63,36,42,19,54,66,54,83,59,83,25,18,62,25,77,73,42,55,17,18,17,50,15,50,17,63,19,18,54,26,72,84,24,56,16,27,53,58,16,49,16,73,48,19,32,40,72,98,60,70,16,71,73,28,46,69,18,39,110,18,34,89,83,92,50,52,18,15,25,54,27,54,15,53,18,16,52,33,81,80,66,23,51,21,58,72,51,48,48,83,57,29,55,26,72,59,61,30,47,88,65,39,93,91,73,40,66,84,25,76,33,55,16,77,17,45,38,13,65,53,61,17,54,32,50,70,17,57,9,23,79,22,60,55,48,46,47,61,62,54,75,21,18,59,10,10,16,65,73,24,12,12,16,43,83,50,17,18,20,61,18,19,19,17,22,49,65,67,62,40,21,23,25,24,25,65	(3.) Vassago. —The Third Spirit is a Mighty Prince, being of the same nature as Agares. He is called Vassago. This Spirit is of a Good Nature, and his office is to declare things Past and to Come, and to discover all things Hid or Lost. And he governeth 26 Legions of Spirits, and this is his Seal.
4	Samigina	Samigina|Gamigin	slice-0082-front-3-seal-grid-r01-c04	front-3-seal-grid-r01-c04	images/front-3.jpg	slices/ink-128-u8/slice-0082-front-3-seal-grid-r01-c04.u8	31,31,35,39,68,90,85,103,87,89,67,40,39,39,44,72,56,19,39,76,45,18,26,87,24,23,50,91,43,26,26,61,16,46,84,24,52,58,79,133,61,61,53,37,103,53,27,56,27,75,57,74,31,21,116,93,100,22,36,82,68,85,34,58,73,30,58,28,63,47,25,60,26,44,71,31,66,39,73,54,57,26,52,65,104,70,56,91,57,57,104,85,60,36,76,58,37,51,19,36,73,73,21,58,24,47,112,42,31,58,60,74,51,65,16,17,20,20,60,86,63,24,24,24,26,72,83,86,52,66,13,14,19,21,57,74,57,26,26,26,28,75,83,82,39,42,19,13,31,80,85,101,82,92,47,26,29,58,60,64,62,15,53,13,79,79,66,82,62,86,90,35,66,35,73,48,56,32,41,41,105,61,63,109,73,65,80,93,62,40,67,51,13,78,53,90,106,23,23,73,50,23,87,92,64,76,34,59,8,25,84,24,35,58,56,53,55,62,45,30,81,39,28,58,9,13,23,78,63,24,20,74,31,28,58,70,36,27,28,57,22,27,28,29,51,85,84,82,72,77,51,37,38,39,44,71	(4.) Samigina , or Gamigin .—The Fourth Spirit is Samigina, a Great Marquis. He appeareth in the form of a little Horse or Ass, and then into Human shape doth he change himself at the request of the Master. He speaketh with a hoarse voice. He ruleth over 30 Legions of Inferiors. He teaches all Liberal Sciences, and giveth account of Dead Souls that died in sin. And his Seal is this, which is to be worn before the Magician when he is Invocator, etc.
5	Marbas	Marbas	slice-0083-front-3-seal-grid-r02-c01	front-3-seal-grid-r02-c01	images/front-3.jpg	slices/ink-128-u8/slice-0083-front-3-seal-grid-r02-c01.u8	57,59,56,59,61,79,92,88,89,86,55,43,47,50,52,80,18,58,17,54,67,34,17,88,50,20,49,71,25,16,15,49,16,16,68,41,20,55,56,46,53,60,43,19,71,33,15,55,17,53,49,32,57,17,14,14,15,15,33,61,17,65,22,52,25,65,79,75,62,75,19,15,14,30,27,60,60,61,61,45,53,28,51,83,92,85,29,58,45,99,75,133,38,57,55,47,66,12,46,32,119,47,36,107,55,46,70,75,12,52,34,63,65,23,38,15,22,12,54,79,72,24,35,27,12,54,18,84,70,28,38,12,14,13,58,49,22,49,10,10,12,54,16,85,68,14,54,12,12,51,20,51,16,39,27,11,12,49,29,69,64,25,68,10,49,54,11,51,16,10,64,44,29,43,54,51,44,76,78,46,60,39,12,66,52,12,41,37,65,76,79,43,29,61,31,34,49,11,10,31,21,12,20,56,15,65,25,45,29,14,69,33,21,56,54,47,43,51,42,12,60,40,13,47,31,9,15,58,63,29,12,50,59,13,38,70,31,11,12,50,65,37,41,42,44,70,78,84,79,75,50,31,30,31,31,64	(5.) Marbas. —The fifth Spirit is Marbas. He is a Great President, and appeareth at first in the form of a Great Lion, but afterwards, at the request of the Master, he putteth on Human Shape. He answereth truly of things Hidden or Secret. He causeth Diseases and cureth them. Again, he giveth great Wisdom and Knowledge in Mechanical Arts; and can change men into other shapes. He governeth 36 Legions of Spirits. And his Seal is this, which is to be worn as aforesaid.
6	Valefor	Valefor	slice-0084-front-3-seal-grid-r02-c02	front-3-seal-grid-r02-c02	images/front-3.jpg	slices/ink-128-u8/slice-0084-front-3-seal-grid-r02-c02.u8	43,43,42,43,42,52,69,79,73,58,42,45,46,42,43,66,25,50,16,47,82,51,34,80,32,53,73,53,16,17,18,61,15,18,63,56,17,49,52,59,54,53,22,40,74,21,18,65,15,57,94,38,55,27,39,46,44,25,55,46,62,87,23,60,24,59,49,68,61,48,42,61,52,69,18,47,64,49,53,52,53,19,54,51,43,13,79,92,78,49,20,96,66,18,71,44,59,16,44,36,85,73,61,85,78,65,63,69,60,41,58,52,55,36,22,14,18,47,41,63,43,57,18,49,24,47,45,77,64,48,20,17,31,15,11,13,23,43,14,15,14,65,60,80,73,57,38,56,109,14,12,14,29,34,43,51,55,72,65,66,54,14,49,101,88,51,54,54,62,87,73,50,50,20,70,50,30,52,33,46,92,18,11,12,14,47,13,22,51,28,59,50,14,64,27,38,42,11,12,13,13,14,28,57,15,75,23,50,13,14,68,39,63,49,50,50,52,55,73,43,70,31,13,50,15,10,13,53,62,26,11,12,13,19,56,68,26,13,14,53,25,23,21,22,27,50,61,58,63,61,35,23,22,21,21,62	(6.) Valefor. —The Sixth Spirit is Valefor. He is a mighty Duke, and appeareth in the shape of a Lion with an Ass’s Head, bellowing. He is a good Familiar, but tempteth them he is a familiar of to steal. He governeth 10 Legions of Spirits. His Seal is this, which is to be worn, whether thou wilt have him for a Familiar, or not.
7	Amon	Amon	slice-0085-front-3-seal-grid-r02-c03	front-3-seal-grid-r02-c03	images/front-3.jpg	slices/ink-128-u8/slice-0085-front-3-seal-grid-r02-c03.u8	47,48,48,47,46,72,87,83,84,72,50,47,51,53,59,83,45,31,22,65,75,45,27,88,24,46,74,70,25,23,28,64,35,23,83,40,24,53,64,78,59,56,28,44,90,29,26,60,16,78,30,43,80,73,76,70,81,83,83,46,38,85,26,58,47,54,41,47,61,84,27,82,25,87,58,50,47,58,54,57,73,18,57,17,64,28,19,20,20,22,64,22,62,22,77,51,63,36,55,38,58,16,19,44,22,19,59,33,62,41,67,54,63,57,57,44,61,28,31,107,32,36,68,49,69,72,84,63,80,87,75,68,81,49,50,126,43,45,70,62,63,65,80,67,60,40,48,22,62,14,21,88,25,22,60,25,30,49,59,63,72,18,61,15,60,17,18,20,16,24,57,20,56,23,71,57,54,41,51,33,57,83,20,85,23,73,57,31,53,39,63,61,15,79,22,52,64,71,71,55,72,53,59,59,22,81,29,65,12,23,77,25,40,58,57,69,51,57,39,24,74,34,23,68,12,13,24,73,56,21,17,60,38,19,52,79,31,21,22,71,26,25,27,27,46,79,74,77,74,77,49,37,35,36,42,92	(7.) Amon. —The Seventh Spirit is Amon. He is a Marquis great in power, and most stern. He appeareth like a Wolf with a Serpent’s tail, vomiting out of his mouth flames of fire; but at the command of the Magician he putteth on the shape of a Man with Dog’s teeth beset in a head like a Raven; or else like a Man with a Raven’s head (simply). He telleth all things Past and to Come. He procureth feuds and reconcileth controversies between friends. He governeth 40 Legions of Spirits. His Seal is this which is to be worn as aforesaid, etc.
8	Barbatos	Barbatos	slice-0086-front-3-seal-grid-r02-c04	front-3-seal-grid-r02-c04	images/front-3.jpg	slices/ink-128-u8/slice-0086-front-3-seal-grid-r02-c04.u8	29,41,41,38,41,65,85,91,89,89,71,54,50,50,58,53,10,55,16,45,74,47,22,75,58,25,49,87,63,30,31,32,10,23,57,62,22,55,65,60,62,63,64,30,74,80,31,32,11,43,76,76,68,53,48,65,64,50,57,73,104,71,73,30,12,73,20,69,55,85,106,32,31,106,83,76,75,35,97,31,34,45,49,24,59,104,47,107,108,39,94,67,35,71,58,61,56,14,50,15,56,20,120,64,77,130,28,62,28,68,31,79,57,43,55,40,64,22,78,37,52,77,26,64,47,74,98,64,61,51,78,57,59,23,20,86,110,24,26,62,64,111,44,61,57,19,56,68,89,63,84,63,64,85,73,96,94,73,30,71,29,43,41,85,86,47,100,60,50,115,48,98,99,63,52,53,8,67,17,98,69,41,61,50,32,79,41,73,104,31,85,22,7,36,81,62,58,26,19,23,21,23,28,67,98,82,60,18,8,12,51,64,18,53,61,56,56,61,60,28,64,70,26,18,8,9,11,36,74,50,24,55,67,25,47,77,57,23,23,18,31,39,39,41,40,67,92,91,88,85,70,50,48,50,49,32	(8.) Barbatos. —The Eighth Spirit is Barbatos. He is a Great Duke, and appeareth when the Sun is in Sagittary, with four noble Kings and their companies of great troops. He giveth understanding of the singing of Birds, and of the Voices of other creatures, such as the barking of Dogs. He breaketh the Hidden Treasures open that have been laid by the Enchantments of Magicians. He is of the Order of Virtues, of which some part he retaineth still; and he knoweth all things Past, and to come, and conciliateth Friends and those that be in Power. He ruleth over 30 Legions of Spirits. His Seal of Obedience is this, the which wear before thee as aforesaid.
9	Paimon	Paimon	slice-0087-front-3-seal-grid-r03-c01	front-3-seal-grid-r03-c01	images/front-3.jpg	slices/ink-128-u8/slice-0087-front-3-seal-grid-r03-c01.u8	59,25,22,18,22,36,62,65,80,73,66,37,30,35,33,73,44,73,15,25,64,47,18,28,65,14,28,64,53,15,13,57,45,13,31,65,17,34,52,41,42,47,50,20,36,68,14,49,52,18,77,15,48,38,19,48,12,32,13,49,30,34,58,49,55,48,75,69,62,84,56,94,21,89,30,80,58,71,68,61,61,59,30,36,66,70,71,62,92,64,70,77,46,67,19,93,73,43,50,19,71,42,92,62,74,60,76,56,59,47,15,97,83,28,52,53,74,45,88,29,85,30,65,43,85,78,30,81,87,30,64,48,57,28,83,24,92,33,73,22,67,69,29,84,81,44,45,51,92,85,104,63,104,60,92,106,96,55,17,95,66,64,63,72,70,64,79,37,71,38,71,79,52,64,20,80,62,65,74,67,104,58,43,40,39,42,57,76,73,46,87,44,66,22,70,15,65,43,14,13,15,15,20,57,34,37,66,31,71,15,33,70,18,38,50,47,44,48,51,21,44,74,16,28,69,13,15,27,71,50,19,42,73,30,35,63,56,16,15,29,77,23,19,23,24,41,72,72,71,80,63,38,35,37,38,53	(9) Paimon. —The Ninth Spirit in this Order is Paimon, a Great King, and very obedient unto Lucifer . He appeareth in the form of a Man sitting upon a Dromedary with a Crown most glorious upon his head. There goeth before him also an Host of Spirits, like Men with Trumpets and well sounding Cymbals, and all other sorts of Musical Instruments. He hath a great Voice, and roareth at his first coming, and his speech is such that the Magician cannot well understand unless he can compel him. This Spirit can teach all Arts and Sciences, and other secret things. He can discover unto thee what the Earth is, and what holdeth it up in the Waters; and what Mind is, and where it is; or any other thing thou mayest desire to know. He giveth Dignity, and confirmeth the same. He bindeth or maketh any man subject unto the Magician if he so desire it. He giveth good Familiars, and such as can teach all Arts. He is to be observed towards the West. He is of the Order of Dominations. [13] He hath under him 200 Legions of Spirits, and part of them are of the Order of Angels, and the other part of Potentates. Now if thou callest this Spirit Paimon alone, thou must make him some offering; and there will attend him two Kings called Labal and Abalim , and also other Spirits who be of the Order of Potentates in his Host, and 25 Legions. And those Spirits which be subject unto them are not always with them unless the Magician do compel them. His Character is this which must be worn as a Lamen before thee, etc.
10	Buer	Buer	slice-0088-front-3-seal-grid-r03-c02	front-3-seal-grid-r03-c02	images/front-3.jpg	slices/ink-128-u8/slice-0088-front-3-seal-grid-r03-c02.u8	37,33,36,37,39,48,70,75,79,77,50,33,34,35,38,73,24,66,17,31,63,42,17,53,33,19,51,73,32,15,14,56,22,13,37,56,13,40,50,46,49,56,45,15,66,45,14,59,22,30,56,19,54,18,13,13,13,14,25,62,19,71,31,53,20,70,72,57,59,20,60,29,79,40,73,26,70,54,75,55,38,43,50,34,99,46,97,54,106,67,117,40,26,70,59,70,62,17,46,60,16,77,35,84,31,90,33,72,20,53,30,98,74,12,85,75,74,67,73,82,74,85,95,91,81,78,16,113,80,13,55,45,90,77,93,82,87,85,79,75,33,52,17,111,72,21,69,64,96,49,65,66,77,72,69,115,77,56,32,97,52,73,73,72,105,50,30,24,23,23,64,71,62,62,65,71,38,81,38,64,74,53,14,14,15,20,84,55,57,48,76,61,43,30,71,17,64,34,12,14,15,17,41,57,17,77,28,58,48,14,41,75,19,44,58,60,57,60,39,21,74,38,16,60,43,13,13,29,73,56,28,53,77,29,59,76,28,16,14,56,56,31,30,27,28,41,63,71,72,62,41,32,33,35,41,70	(10.) Buer. —The Tenth Spirit is Buer, a Great President. He appeareth in Sagittary, and that is his shape when the Sun is there. He teaches Philosophy, both Moral and Natural, and the Logic Art, and also the Virtues of all Herbs and Plants. He healeth all distempers in man, and giveth good Familiars. He governeth 50 Legions of Spirits, and his Character of obedience is this, which thou must wear when thou callest him forth unto appearance.
11	Gusion	Gusion	slice-0089-front-3-seal-grid-r03-c03	front-3-seal-grid-r03-c03	images/front-3.jpg	slices/ink-128-u8/slice-0089-front-3-seal-grid-r03-c03.u8	43,46,48,46,51,68,72,102,89,85,56,37,41,42,39,80,22,67,16,65,64,26,15,87,23,25,61,76,27,20,19,66,12,17,76,34,25,54,50,46,51,54,36,25,81,33,18,60,12,67,29,42,46,15,16,15,16,19,39,53,22,88,24,54,32,61,30,108,73,90,61,17,55,125,21,31,49,39,65,55,66,15,65,85,77,69,80,45,42,99,15,82,95,20,80,50,70,19,90,111,79,87,79,89,84,115,57,105,76,51,61,61,77,71,23,90,90,89,76,19,86,97,17,65,44,73,79,74,82,68,25,76,34,56,17,27,27,34,18,17,19,64,75,71,67,20,58,118,51,79,65,82,16,17,15,16,24,55,59,62,74,18,55,112,49,75,66,78,17,17,16,18,62,24,82,52,33,62,30,58,17,90,17,51,17,18,16,33,53,43,69,51,14,73,38,37,108,138,44,16,16,17,47,59,24,86,24,57,16,16,77,37,22,54,57,55,60,62,41,28,87,32,23,57,14,13,16,61,72,35,14,78,41,26,65,78,29,21,22,51,42,38,35,28,33,67,85,90,88,81,48,35,36,36,39,65	(11.) Gusion. —The Eleventh Spirit in order is a great and strong Duke, called Gusion. He appeareth like a Xenopilus. He telleth all things, Past, Present, and to Come, and showeth the meaning and resolution of all questions thou mayest ask. He conciliateth and reconcileth friendships, and giveth Honour and Dignity unto any. He ruleth over 40 Legions of Spirits. His Seal is this, the which wear thou as aforesaid.
12	Sitri	Sitri	slice-0090-front-3-seal-grid-r03-c04	front-3-seal-grid-r03-c04	images/front-3.jpg	slices/ink-128-u8/slice-0090-front-3-seal-grid-r03-c04.u8	21,33,29,29,34,60,90,90,93,89,69,44,46,41,45,29,19,84,15,52,83,42,21,80,70,26,58,85,52,28,27,20,7,10,66,58,20,57,59,60,60,67,68,27,76,59,27,20,8,43,102,36,65,19,19,20,22,22,33,77,35,94,45,18,10,75,60,71,17,17,19,20,23,21,24,29,80,69,90,19,39,46,57,67,59,99,73,79,99,64,108,76,84,54,69,39,67,16,71,77,79,90,73,72,87,63,95,89,73,62,39,63,64,11,52,32,40,54,40,38,56,25,59,62,27,61,28,68,66,12,53,38,37,77,75,72,87,64,71,61,29,63,28,67,66,14,58,39,66,127,85,70,101,101,100,60,32,66,34,65,41,48,49,84,85,53,60,32,50,64,63,109,75,60,65,38,12,83,64,129,66,83,56,25,35,84,49,97,124,48,91,20,12,42,86,27,69,28,20,21,23,27,34,77,48,115,54,18,13,12,63,65,23,63,69,66,67,71,67,32,81,77,31,18,12,12,13,53,90,50,21,48,51,26,56,94,64,28,27,18,21,21,20,21,28,65,86,93,96,95,71,42,48,53,50,34	(12.) Sitri. —The Twelfth Spirit is Sitri. He is a Great Prince and appeareth at first with a Leopard’s head and the Wings of a Gryphon, but after the command of the Master of the Exorcism he putteth on Human shape, and that very beautiful. He enflameth men with Women’s love, and Women with Men’s love; and causeth them also to show themselves naked if it be desired. He governeth 60 Legions of Spirits. His Seal is this, to be worn as a Lamen before thee, etc.
13	Beleth	Beleth	slice-0091-front-3-seal-grid-r04-c01	front-3-seal-grid-r04-c01	images/front-3.jpg	slices/ink-128-u8/slice-0091-front-3-seal-grid-r04-c01.u8	98,51,42,41,44,78,89,102,107,88,74,41,34,36,29,42,69,56,30,48,67,29,14,48,44,11,22,62,54,14,13,24,68,12,56,44,16,53,53,44,42,49,54,21,36,70,12,21,66,38,52,27,57,14,12,12,11,10,12,50,30,39,51,20,59,83,26,55,99,38,10,57,74,11,20,104,49,18,66,29,75,55,79,101,81,83,82,68,83,78,99,77,78,71,58,61,104,27,52,51,72,42,54,39,68,46,39,69,40,47,14,70,99,15,77,71,114,67,58,72,92,61,61,119,68,78,16,72,107,15,67,30,64,14,91,51,13,82,55,58,29,68,15,68,108,28,55,14,77,18,12,10,12,15,13,75,14,51,15,72,91,55,41,30,39,100,10,11,12,14,54,64,19,52,35,52,70,72,15,66,17,66,81,29,19,50,88,14,59,14,72,21,65,31,72,34,98,29,15,95,101,24,26,64,31,53,45,18,65,13,49,100,44,43,52,84,85,53,52,30,95,54,14,16,66,12,12,34,85,56,21,12,11,17,47,69,40,11,12,15,79,33,26,22,23,47,69,81,78,66,39,21,18,18,16,18	(13.) Beleth. —The Thirteenth Spirit is called Beleth (or Bileth, or Bilet). He is a mighty King and terrible. He rideth on a pale horse with trumpets and other kinds of musical instruments playing before him. He is very furious at his first appearance, that is, while the Exorcist layeth his courage; for to do this he must hold a Hazel Wand in his hand, striking it out towards the South and East Quarters, make a triangle, △, without the Circle, and then command him into it by the Bonds and Charges of Spirits as hereafter followeth. And if he doth not enter into the triangle, △, at your threats, rehearse the Bonds and Charms before him, and then he will yield Obedience and come into it, and do what he is commanded by the Exorcist. Yet he must receive him courteously because he is a Great King, and do homage unto him, as the Kings and Princes do that attend upon him. And thou must have always a Silver Ring on the middle finger of the left hand held against thy face, [14] as they do yet before Amaymon . This Great King Beleth causeth all the love that may be, both of Men and of Women, until the Master Exorcist hath had his desire fulfilled. He is of the Order of Powers, and he governeth 85 Legions of Spirits. His Noble Seal is this, which is to be worn before thee at working.
14	Leraje	Leraje|Leraikha	slice-0092-front-3-seal-grid-r04-c02	front-3-seal-grid-r04-c02	images/front-3.jpg	slices/ink-128-u8/slice-0092-front-3-seal-grid-r04-c02.u8	68,34,33,32,36,59,74,81,80,79,56,35,35,36,45,84,57,77,21,35,75,45,17,78,53,16,46,78,43,15,16,58,51,14,44,58,17,53,56,55,51,57,55,18,60,52,15,54,46,34,95,42,60,25,18,17,18,21,22,65,24,73,40,54,49,76,43,79,49,18,36,62,43,79,16,17,99,64,78,53,59,54,43,25,68,86,53,74,85,21,19,65,72,48,47,73,88,24,54,86,103,46,84,27,59,28,63,66,35,58,19,96,92,16,55,18,63,38,21,19,29,95,53,19,16,55,18,103,95,18,54,44,72,66,67,108,77,124,70,64,64,55,16,101,84,27,54,73,45,92,80,77,54,109,66,88,84,78,20,97,57,60,41,87,50,64,86,32,69,98,82,60,69,62,48,76,45,77,72,94,85,33,17,17,21,37,17,34,82,64,80,57,47,32,83,18,61,31,17,17,18,18,26,64,28,68,46,54,49,13,45,72,18,53,64,57,53,67,53,17,61,60,15,52,47,12,12,36,82,53,20,32,67,19,47,74,45,17,17,48,50,16,14,17,15,41,66,73,73,68,43,19,15,15,18,46	(14.) Leraje , or Leraikha .—The Fourteenth Spirit is called Leraje (or Leraie). He is a Marquis Great in Power, showing himself in the likeness of an Archer clad in Green, and carrying a Bow and Quiver. He causeth all great Battles and Contests; and maketh wounds to putrefy that are made with Arrows by Archers. This belongeth unto Sagittary. He governeth 30 Legions of Spirits, and this is his Seal, etc.
15	Eligos	Eligos	slice-0093-front-3-seal-grid-r04-c03	front-3-seal-grid-r04-c03	images/front-3.jpg	slices/ink-128-u8/slice-0093-front-3-seal-grid-r04-c03.u8	34,43,40,39,41,69,89,90,95,102,81,58,58,57,60,100,38,55,11,50,64,27,12,70,39,19,44,71,40,17,18,59,10,12,60,37,16,54,52,51,54,58,50,17,61,53,19,59,12,53,81,36,52,15,29,64,26,21,30,62,22,80,37,57,22,65,47,86,37,67,83,60,61,65,39,57,80,65,72,54,57,27,50,23,69,33,69,54,17,84,59,34,27,44,53,66,61,14,49,63,68,33,58,54,71,88,32,22,77,51,25,87,60,15,53,63,35,50,68,94,100,44,18,82,77,100,17,93,60,18,105,57,55,58,63,63,84,70,57,53,55,51,16,93,66,14,109,15,15,15,56,41,13,53,18,78,47,52,21,90,62,23,71,64,94,17,15,17,28,44,58,52,32,46,48,70,28,82,64,78,53,15,14,14,53,104,67,17,64,53,77,46,12,62,63,32,56,12,17,15,15,20,25,60,32,67,46,46,14,12,76,41,24,59,60,51,50,57,55,18,50,56,16,41,12,12,13,61,66,26,17,40,57,17,35,69,47,19,17,36,18,12,13,14,27,61,72,72,71,64,52,23,17,18,21,42	(15.) Eligos. —The Fifteenth Spirit in Order is Eligos, a Great Duke, and appeareth in the form of a goodly Knight, carrying a Lance, an Ensign, and a Serpent. He discovereth hidden things, and knoweth things to come; and of Wars, and how the Soldiers will or shall meet. He causeth the Love of Lords and Great Persons. He governeth 60 Legions of Spirits. His Seal is this, etc.
16	Zepar	Zepar	slice-0094-front-3-seal-grid-r04-c04	front-3-seal-grid-r04-c04	images/front-3.jpg	slices/ink-128-u8/slice-0094-front-3-seal-grid-r04-c04.u8	38,49,56,53,57,79,95,106,91,99,96,62,53,46,39,25,13,60,29,42,73,42,21,55,46,27,37,76,69,27,27,16,10,11,44,55,17,52,57,61,58,66,65,34,47,79,32,17,11,30,90,31,63,25,19,21,24,25,26,61,46,69,71,16,10,65,31,60,15,19,48,25,44,25,25,25,61,83,76,29,24,51,37,64,35,69,61,35,75,54,55,92,117,67,37,66,45,25,47,80,77,112,68,89,88,92,106,131,161,80,28,57,52,14,46,64,24,27,65,43,69,27,30,74,41,54,38,46,54,14,48,58,22,18,27,70,34,23,25,73,27,55,38,45,46,30,48,25,56,23,20,61,22,22,36,69,28,62,29,55,29,56,34,33,80,98,25,58,23,79,102,29,28,68,33,61,19,68,57,65,22,74,55,134,62,91,45,27,65,80,78,30,20,28,74,20,64,30,28,51,50,25,27,69,53,75,88,18,23,13,44,67,19,52,59,56,58,64,68,34,51,80,27,17,24,12,15,38,76,44,21,42,64,25,39,76,73,26,22,17,35,14,15,18,22,52,75,81,93,82,72,44,34,30,32,24	(16.) Zepar. —The Sixteenth Spirit is Zepar. He is a Great Duke, and appeareth in Red Apparel and Armour, like a Soldier. His office is to cause Women to love Men, and to bring them together in love. He also maketh them barren. He governeth 26 Legions of Inferior Spirits, and his Seal is this, which he obeyeth when he seeth it.
17	Botis	Botis	slice-0095-front-3-seal-grid-r05-c01	front-3-seal-grid-r05-c01	images/front-3.jpg	slices/ink-128-u8/slice-0095-front-3-seal-grid-r05-c01.u8	87,38,37,40,42,68,88,84,83,88,70,53,47,49,49,43,85,91,21,49,71,38,15,56,34,17,39,74,49,17,16,16,70,16,64,50,20,57,55,48,49,53,52,17,57,59,15,16,70,48,68,27,62,21,15,14,15,16,22,64,26,64,46,16,74,85,87,68,15,21,18,14,15,16,16,15,71,82,83,17,104,40,56,20,23,52,107,23,111,26,15,23,29,51,45,44,128,17,79,69,93,93,97,71,70,124,70,97,122,78,17,67,123,19,62,74,59,39,45,70,23,89,70,63,67,55,15,68,117,17,53,72,15,21,52,18,53,15,74,16,16,58,16,69,110,17,54,56,39,56,51,74,51,21,70,15,15,58,17,71,99,37,56,19,97,94,14,50,85,108,20,13,22,53,46,52,61,84,73,56,15,42,63,90,65,21,15,15,70,73,87,18,58,51,52,24,55,16,13,13,14,14,20,62,28,70,45,12,64,13,74,49,15,49,54,44,47,58,53,15,53,57,14,12,72,13,14,49,69,34,13,53,43,16,39,72,46,13,14,12,82,28,25,25,25,53,73,72,74,76,59,36,30,29,25,20	(17.) Botis. —The Seventeenth Spirit is Botis, a Great President, and an Earl. He appeareth at the first show in the form of an ugly Viper, then at the command of the Magician he putteth on a Human shape with Great Teeth, and two Horns, carrying a bright and sharp Sword in his hand. He telleth all things Past, and to Come, and reconcileth Friends and Foes. He ruleth over 60 Legions of Spirits, and this is his Seal, etc.
18	Bathin	Bathin	slice-0096-front-3-seal-grid-r05-c02	front-3-seal-grid-r05-c02	images/front-3.jpg	slices/ink-128-u8/slice-0096-front-3-seal-grid-r05-c02.u8	67,44,44,46,43,55,81,83,79,79,55,46,46,48,55,88,44,62,29,27,67,48,22,54,46,23,45,63,24,13,11,40,43,13,41,60,14,37,49,46,45,45,32,15,60,34,13,35,45,29,63,17,56,27,13,13,15,11,25,49,13,63,26,32,43,65,65,65,13,12,11,14,21,80,37,14,53,64,67,36,61,45,37,20,12,18,113,118,141,60,129,23,24,50,48,51,87,15,96,100,98,103,128,133,111,110,66,86,84,59,19,73,90,11,54,35,55,88,132,134,27,107,55,55,64,42,14,76,90,12,47,12,61,71,74,45,33,44,17,46,71,50,16,78,87,12,79,70,27,73,23,36,98,70,28,32,71,48,17,75,64,40,54,23,37,86,65,89,127,100,75,72,85,46,41,55,44,77,54,50,39,40,40,36,57,41,37,41,80,27,68,27,41,39,49,19,56,14,12,13,13,11,14,53,26,69,44,23,44,10,55,48,14,48,51,46,45,49,53,16,40,56,14,20,46,10,11,44,65,31,12,41,44,11,32,64,45,13,13,18,56,14,12,13,19,48,63,66,55,61,51,23,17,18,18,28	(18.) Bathin. —The Eighteenth Spirit is Bathin. He is a Mighty and Strong Duke, and appeareth like a Strong Man with the tail of a Serpent, sitting upon a Pale-Coloured Horse. He knoweth the Virtues of Herbs and Precious Stones, and can transport men suddenly from one country to another. He ruleth over 30 Legions of Spirits. His Seal is this which is to be worn as aforesaid.
19	Sallos	Sallos	slice-0097-front-3-seal-grid-r05-c03	front-3-seal-grid-r05-c03	images/front-3.jpg	slices/ink-128-u8/slice-0097-front-3-seal-grid-r05-c03.u8	61,44,46,45,39,56,80,77,83,80,69,48,43,48,50,49,29,66,10,27,66,43,14,57,48,13,34,62,36,13,14,20,28,11,37,59,11,36,49,46,47,47,41,15,51,46,15,19,36,24,59,11,54,26,14,11,13,14,22,56,20,47,35,18,39,69,18,52,14,11,12,12,12,12,14,15,56,13,64,19,51,85,87,91,48,22,83,51,70,78,27,25,80,70,78,39,75,27,43,48,16,55,55,21,55,50,31,47,47,59,22,61,82,11,44,90,48,77,69,45,69,71,79,45,102,54,17,57,79,10,43,76,54,67,40,14,45,37,58,62,84,50,16,56,72,23,46,28,43,30,74,65,73,97,28,55,31,56,15,63,51,47,39,22,75,11,36,38,101,42,14,75,18,52,35,43,34,80,17,54,62,14,29,75,84,56,14,76,52,17,69,18,41,37,56,19,57,58,54,89,62,75,64,63,28,39,45,14,43,10,48,60,53,37,54,54,44,52,48,28,72,56,15,15,46,10,10,35,62,32,10,13,15,12,27,59,47,12,14,16,63,20,19,20,28,56,73,73,69,65,63,35,29,29,30,32	(19.) Sallos. —The Nineteenth Spirit is Sallos (or Saleos). He is a Great and Mighty Duke, and appeareth in the form of a gallant Soldier riding on a Crocodile, with a Ducal Crown on his head, but peaceably. He causeth the Love of Women to Men, and of Men to Women; and governeth 30 Legions of Spirits. His Seal is this, etc.
20	Purson	Purson	slice-0098-front-3-seal-grid-r05-c04	front-3-seal-grid-r05-c04	images/front-3.jpg	slices/ink-128-u8/slice-0098-front-3-seal-grid-r05-c04.u8	54,50,49,50,50,61,87,94,94,95,88,66,60,56,53,47,41,46,45,21,67,66,33,42,85,27,41,78,77,30,24,17,43,14,23,73,32,34,66,63,62,64,66,41,49,83,30,18,41,13,62,25,68,62,24,23,25,26,29,61,60,40,78,17,38,41,88,69,97,84,50,51,54,52,56,99,103,44,64,38,38,60,20,59,30,50,29,29,66,35,39,70,45,71,123,66,40,52,37,29,25,56,100,97,89,91,94,63,29,54,51,44,48,45,49,13,22,67,65,76,98,69,75,67,29,33,63,32,48,43,48,14,22,67,98,102,86,111,110,94,30,31,62,27,42,55,36,23,23,47,21,90,80,87,42,74,28,51,39,41,41,62,12,50,22,49,18,86,100,76,29,67,29,65,26,60,46,45,36,42,75,69,19,54,97,64,66,102,79,50,60,43,53,11,66,21,70,56,71,130,27,28,27,73,60,35,84,17,61,10,22,74,56,38,81,90,59,63,67,49,98,83,36,17,61,12,13,23,67,58,27,23,25,25,35,66,76,31,25,17,73,30,25,25,22,38,69,77,73,75,74,44,28,27,26,16	(20.) Purson. —The Twentieth Spirit is Purson, a Great King. His appearance is comely, like a Man with a Lion’s face, carrying a cruel Viper in his hand, and riding upon a Bear. Going before him are many Trumpets sounding. He knoweth all things hidden, and can discover Treasure, and tell all things Past, Present, and to Come. He can take a Body either Human or Aërial, and answereth truly of all Earthly things both Secret and Divine, and of the Creation of the World. He bringeth forth good Familiars, and under his Government there be 22 Legions of Spirits, partly of the Order of Virtues and partly of the Order of Thrones. His Mark, Seal, or Character is this, unto the which he oweth obedience, and which thou shalt wear in time of action, etc.
21	Marax	Marax	slice-0099-front-3-seal-grid-r06-c01	front-3-seal-grid-r06-c01	images/front-3.jpg	slices/ink-128-u8/slice-0099-front-3-seal-grid-r06-c01.u8	80,32,33,32,27,38,64,74,81,77,65,51,51,49,45,40,64,51,15,25,58,47,17,45,55,15,35,64,44,13,12,13,61,17,36,58,15,30,45,43,43,46,46,13,42,63,12,14,60,24,71,14,44,27,13,12,10,13,16,52,25,39,54,15,61,77,87,70,19,23,16,17,30,18,23,24,49,70,68,24,75,51,41,87,74,98,71,76,113,60,123,116,52,84,24,52,102,26,47,70,71,58,51,54,95,29,84,60,47,72,14,59,113,12,51,22,93,97,80,95,60,59,26,14,40,56,22,63,111,11,53,24,61,48,66,54,41,70,14,43,55,53,24,61,102,18,53,29,54,83,98,62,36,64,24,84,60,81,17,62,82,42,42,23,59,85,121,51,57,17,52,88,46,80,17,64,64,72,62,52,31,45,47,52,70,20,42,18,57,59,73,34,67,43,50,25,50,15,17,15,24,16,15,40,41,44,63,21,71,16,55,36,21,51,49,36,28,42,49,34,26,54,21,20,63,17,17,47,55,24,16,54,68,18,19,46,58,24,18,18,78,50,46,36,38,61,76,80,78,67,69,51,40,41,39,41	(21.) Marax. —The Twenty-first Spirit is Marax. [15] He is a Great Earl and President. He appeareth like a great Bull with a Man’s face. His office is to make Men very knowing in Astronomy, and all other Liberal Sciences; also he can give good Familiars, and wise, knowing the virtues of Herbs and Stones which be precious. He governeth 30 Legions of Spirits, and his Seal is this, which must be made and worn as aforesaid, etc.
22	Ipos	Ipos	slice-0100-front-3-seal-grid-r06-c02	front-3-seal-grid-r06-c02	images/front-3.jpg	slices/ink-128-u8/slice-0100-front-3-seal-grid-r06-c02.u8	74,49,48,49,53,54,70,81,84,73,50,43,49,48,42,53,50,45,27,14,51,61,41,57,65,38,58,65,25,13,14,18,50,16,27,67,27,19,48,56,56,53,29,17,67,40,14,16,51,16,71,18,47,48,16,12,13,14,35,53,15,64,33,16,52,59,79,59,32,22,16,18,14,28,164,21,60,44,75,20,55,64,31,71,75,97,73,73,80,22,128,62,81,90,43,46,74,42,58,60,90,78,91,74,85,57,115,94,74,46,16,63,93,18,48,48,84,78,79,82,75,64,32,67,59,75,17,61,89,14,46,21,57,45,66,52,36,67,29,45,80,67,20,64,84,22,47,17,59,84,112,56,38,34,58,29,57,46,16,64,67,46,43,17,62,38,52,102,123,61,59,76,37,49,22,62,48,71,37,65,20,58,51,44,62,19,73,90,73,68,66,34,52,43,63,29,56,19,16,17,16,16,24,100,41,46,63,23,55,14,59,39,29,56,55,33,26,42,50,35,27,61,20,24,55,14,15,52,59,26,22,60,90,24,19,49,64,21,18,24,68,26,27,23,34,60,68,60,66,58,65,44,23,26,21,29	(22.) Ipos. —The Twenty-second Spirit is Ipos. He is an Earl, and a Mighty Prince, and appeareth in the form of an Angel with a Lion’s Head, and a Goose’s Foot, and Hare’s Tail. He knoweth all things Past, Present, and to Come. He maketh men witty and bold. He governeth 36 Legions of Spirits. His Seal is this, which thou shalt wear, etc.
23	Aim	Aim	slice-0101-front-3-seal-grid-r06-c03	front-3-seal-grid-r06-c03	images/front-3.jpg	slices/ink-128-u8/slice-0101-front-3-seal-grid-r06-c03.u8	88,40,37,36,37,61,84,88,90,91,75,51,51,52,51,49,62,53,13,33,68,42,16,43,62,16,37,70,47,17,17,22,51,11,40,57,13,42,51,52,56,51,47,14,53,58,17,22,45,27,73,19,61,25,10,12,15,14,20,62,25,57,48,21,42,63,44,62,15,12,22,12,14,15,21,17,71,71,78,23,56,45,38,81,24,46,52,13,14,15,72,34,64,76,48,52,80,19,44,17,46,49,39,74,72,75,20,45,63,55,18,77,86,12,71,41,55,54,29,55,55,73,48,53,61,72,18,71,89,12,66,43,89,62,39,60,63,89,85,95,78,75,18,70,81,14,66,63,55,62,52,70,64,66,69,59,72,59,18,66,61,38,52,45,66,36,36,40,37,41,45,91,40,48,37,48,42,64,40,61,31,14,12,15,15,17,18,27,56,48,69,23,45,42,79,40,43,13,11,14,16,16,17,52,48,55,58,19,42,14,54,33,19,48,47,41,39,48,54,26,32,59,21,20,45,12,12,45,53,22,15,34,55,18,24,57,57,20,19,19,60,20,18,19,31,57,62,64,95,65,58,33,25,25,27,23	(23.) Aim. —The Twenty-third Spirit is Aim. He is a Great Strong Duke. He appeareth in the form of a very handsome Man in body, but with three Heads; the first, like a Serpent, the second like a Man having two Stars on his Forehead, the third like a Calf. He rideth on a Viper, carrying a Firebrand in his Hand, wherewith he setteth cities, castles, and great Places, on fire. He maketh thee witty in all manner of ways, and giveth true answers unto private matters. He governeth 26 Legions of Inferior Spirits; and his Seal is this, which wear thou as aforesaid, etc.
24	Naberius	Naberius	slice-0102-front-3-seal-grid-r06-c04	front-3-seal-grid-r06-c04	images/front-3.jpg	slices/ink-128-u8/slice-0102-front-3-seal-grid-r06-c04.u8	82,53,52,52,52,59,85,107,109,107,82,63,62,59,67,42,59,56,63,19,67,66,41,24,80,27,50,83,63,25,22,15,55,11,21,74,31,27,54,54,58,56,57,28,53,82,25,14,49,15,77,25,45,49,46,32,18,19,24,64,49,45,75,14,47,55,78,73,63,48,91,78,42,28,22,23,64,75,90,37,43,71,16,81,79,28,64,33,63,93,21,55,67,74,35,69,66,56,45,26,49,42,57,19,74,29,22,48,98,74,44,39,75,41,51,65,25,17,63,23,31,70,55,68,83,70,65,19,75,35,53,44,50,96,119,74,73,97,54,24,27,31,67,20,65,43,48,15,54,105,119,94,107,23,21,26,29,36,64,23,48,63,21,40,43,83,59,71,58,20,22,30,29,69,37,49,47,63,62,89,81,75,122,103,73,26,25,25,35,100,80,63,48,23,75,20,61,24,56,31,37,23,25,30,81,48,99,27,47,14,40,54,16,52,57,32,24,35,67,66,31,80,63,18,48,13,12,41,67,29,26,49,96,54,29,41,86,58,31,18,44,19,20,20,30,63,70,68,92,73,88,77,47,41,38,25	(24.) Naberius. —The Twenty-fourth Spirit is Naberius. He is a most valiant Marquis, and showeth in the form of a Black Crane, fluttering about the Circle, and when he speaketh it is with a hoarse voice. He maketh men cunning in all Arts and Sciences, but especially in the Art of Rhetoric. He restoreth lost Dignities and Honours. He governeth 19 Legions of Spirits. His Seal is this, which is to be worn, etc.
25	Glasya-Labolas	Glasya-Labolas	slice-0103-front-4-seal-grid-r01-c01	front-4-seal-grid-r01-c01	images/front-4.jpg	slices/ink-128-u8/slice-0103-front-4-seal-grid-r01-c01.u8	80,76,71,63,59,68,94,93,89,73,48,44,46,48,44,45,70,60,35,49,86,67,38,63,40,33,71,68,16,13,9,22,41,35,70,71,32,55,62,60,59,57,31,26,60,26,9,21,44,56,75,35,68,39,26,25,20,20,39,44,15,64,15,21,46,105,72,67,27,26,25,19,18,15,15,43,42,21,51,21,77,68,79,32,25,26,26,61,16,12,47,29,43,60,64,25,96,37,66,29,27,60,64,56,17,17,16,61,12,57,31,46,94,40,76,53,62,35,22,55,32,35,34,32,14,49,16,56,91,42,105,82,77,98,113,77,55,55,64,41,13,46,16,62,88,37,60,27,57,64,73,52,51,41,14,57,24,49,27,59,88,35,64,44,85,34,20,48,25,17,16,65,59,34,60,32,60,76,48,81,108,32,21,17,17,16,15,25,59,19,74,26,42,90,40,69,84,25,19,18,18,16,22,60,20,65,28,33,39,36,93,70,84,67,59,44,48,60,68,81,58,41,13,35,40,30,33,84,61,25,28,40,30,21,35,86,39,13,13,37,42,31,31,29,49,77,72,69,68,72,58,28,24,24,22,43	(25.) Glasya-Labolas. —The Twenty-fifth Spirit is Glasya-Labolas. He is a Mighty President and Earl, and showeth himself in the form of a Dog with Wings like a Gryphon. He teacheth all Arts and Sciences in an instant, and is an Author of Bloodshed and Manslaughter. He teacheth all things Past, and to Come. If desired he causeth the love both of Friends and of Foes. He can make a Man to go Invisible. And he hath under his command 36 Legions of Spirits. His Seal is this, to be, etc.
26	Bune	Bune|Bimé	slice-0104-front-4-seal-grid-r01-c02	front-4-seal-grid-r01-c02	images/front-4.jpg	slices/ink-128-u8/slice-0104-front-4-seal-grid-r01-c02.u8	49,46,49,50,56,68,82,81,75,69,44,41,45,45,51,59,34,55,14,44,60,32,17,40,14,20,41,44,15,10,13,29,21,9,57,35,16,37,41,40,40,42,19,16,59,20,11,27,23,45,32,27,45,34,60,16,49,41,32,41,15,63,13,24,32,49,21,43,15,62,49,13,26,96,16,21,39,18,53,22,67,16,43,63,51,90,59,46,56,88,54,50,63,18,58,22,62,18,42,42,19,54,23,18,17,47,16,33,29,40,39,43,78,52,28,19,34,47,19,66,37,58,21,34,12,48,46,56,81,53,25,21,84,73,47,87,49,54,61,59,14,40,47,55,75,26,39,17,19,82,51,82,57,62,47,11,13,41,32,44,74,19,54,16,39,45,67,83,49,59,49,10,32,23,63,22,53,47,39,36,73,22,53,76,52,27,51,36,45,15,60,18,25,81,20,44,93,26,31,19,25,15,49,73,12,62,19,19,24,20,75,21,31,56,50,40,39,41,33,11,57,35,10,19,23,13,18,74,59,17,15,48,35,12,32,61,27,9,7,19,33,22,22,20,45,76,69,80,66,64,47,21,16,16,19,27	(26.) Bune , or Bimé .—The Twenty-sixth Spirit is Buné (or Bim). He is a Strong, Great and Mighty Duke. He appeareth in the form of a Dragon with three heads, one like a Dog, one like a Gryphon, and one like a Man. He speaketh with a high and comely Voice. He changeth the Place of the Dead, and causeth the Spirits which be under him to gather together upon your Sepulchres. He giveth Riches unto a Man, and maketh him Wise and Eloquent. He giveth true Answers unto Demands. And he governeth 30 Legions of Spirits. His Seal is this, unto the which he oweth Obedience. He hath another Seal (which is the first of these, [16] but the last is the best). [17]
27	Ronové	Ronové	slice-0105-front-4-seal-grid-r01-c03	front-4-seal-grid-r01-c03	images/front-4.jpg	slices/ink-128-u8/slice-0105-front-4-seal-grid-r01-c03.u8	65,52,47,54,59,66,89,85,84,79,53,31,27,25,23,42,47,55,21,43,72,54,25,51,64,23,40,69,40,14,19,31,38,23,49,64,24,40,56,80,57,53,46,19,51,51,14,29,37,45,60,25,65,72,96,60,47,31,25,59,25,52,39,28,36,79,24,67,76,22,84,20,67,47,19,21,61,17,65,28,63,53,44,90,47,37,84,39,51,51,29,84,72,43,33,48,79,25,54,74,49,52,102,51,48,55,101,35,75,46,13,62,77,20,79,53,24,27,99,25,53,71,82,47,109,74,15,58,73,23,86,78,53,53,108,48,74,90,84,66,102,68,16,65,81,17,56,71,48,36,88,38,53,62,83,38,87,46,15,66,65,41,59,77,48,54,107,54,52,55,20,58,94,58,38,50,38,75,74,79,58,19,80,19,73,52,18,17,51,32,88,22,34,45,55,27,81,65,85,50,58,46,19,56,23,53,44,20,37,14,56,47,18,45,69,80,68,50,51,17,51,58,13,18,38,16,15,48,63,28,15,18,16,15,29,67,43,12,11,21,46,29,26,23,27,57,68,66,63,63,60,21,18,22,22,29	(27.) Ronové. —The Twenty-seventh Spirit is Ronové. He appeareth in the Form of a Monster. He teacheth the Art of Rhetoric very well and giveth Good Servants, Knowledge of Tongues, and Favours with Friends or Foes. He is a Marquis and Great Earl; and there be under his command 19 Legions of Spirits. His Seal is this, etc.
28	Berith	Berith	slice-0106-front-4-seal-grid-r01-c04	front-4-seal-grid-r01-c04	images/front-4.jpg	slices/ink-128-u8/slice-0106-front-4-seal-grid-r01-c04.u8	37,42,23,21,26,52,63,65,60,56,36,20,19,18,20,35,46,52,18,46,67,33,18,55,35,17,37,59,34,17,19,34,35,21,60,48,22,42,54,63,42,46,43,17,51,33,17,39,36,55,56,72,51,17,32,59,72,31,75,77,64,56,29,39,42,71,26,65,66,53,53,53,51,74,22,23,72,18,59,35,69,35,52,30,29,29,40,31,24,51,17,36,77,35,51,39,77,25,85,66,72,76,92,71,84,77,79,67,53,46,32,64,70,44,91,63,56,57,81,54,82,99,93,79,89,74,57,71,75,56,87,61,57,55,78,50,87,76,61,50,73,71,40,75,79,19,70,92,61,56,80,46,57,77,74,82,58,48,39,67,51,45,44,62,17,19,54,14,42,70,14,40,94,25,64,53,36,70,19,58,21,20,74,64,58,48,72,51,61,22,63,50,36,30,61,55,52,54,78,29,11,12,58,57,71,81,15,48,40,11,34,69,19,39,58,47,53,45,23,20,76,24,12,47,43,12,13,27,67,54,24,44,50,34,59,64,15,8,8,46,34,15,16,16,18,25,47,54,55,49,25,23,22,25,27,42	(28.) Berith. —The Twenty-eighth Spirit in Order, as Solomon bound them, is named Berith. He is a Mighty, Great, and Terrible Duke. He hath two other Names given unto him by men of later times, viz.: Beale , or Beal , and Bofry or Bolfry . He appeareth in the Form of a Soldier with Red Clothing, riding upon a Red Horse, and having a Crown of Gold upon his head. He giveth true answers, Past, Present, and to Come. Thou must make use of a Ring in calling him forth, as is before spoken of regarding Beleth. [18] He can turn all metals into Gold. He can give Dignities, and can confirm them unto Man. He speaketh with a very clear and subtle Voice. He governeth 26 Legions of Spirits. His Seal is this, etc.
29	Astaroth	Astaroth	slice-0107-front-4-seal-grid-r02-c01	front-4-seal-grid-r02-c01	images/front-4.jpg	slices/ink-128-u8/slice-0107-front-4-seal-grid-r02-c01.u8	58,61,56,52,51,57,72,78,79,62,46,37,36,34,31,44,41,75,32,42,77,69,47,81,53,48,62,62,26,17,14,31,34,35,49,80,35,47,64,70,59,56,35,32,65,29,15,28,35,44,88,33,68,48,30,26,25,23,41,54,24,65,20,27,36,102,111,91,111,67,51,26,45,31,80,81,44,41,55,26,47,79,66,78,102,64,110,66,96,78,83,66,38,76,66,26,68,49,70,74,58,57,54,51,66,42,53,87,45,46,43,39,78,36,63,75,92,105,75,94,86,74,75,106,135,62,29,52,73,35,61,75,82,83,82,90,60,50,76,97,29,45,28,53,71,37,64,70,76,62,67,89,96,61,55,91,73,45,38,39,50,78,88,65,97,77,93,94,122,87,92,56,63,25,60,24,37,92,55,69,36,30,53,73,82,71,67,62,62,73,62,21,38,53,53,41,73,33,26,62,95,74,51,46,17,77,14,20,37,34,59,46,31,60,58,86,66,57,36,17,61,25,7,23,36,31,31,55,58,32,26,53,34,21,39,58,25,9,8,25,38,37,36,38,39,56,60,64,61,63,46,31,30,30,28,33	(29.) Astaroth. —The Twenty-ninth Spirit is Astaroth. He is a Mighty, Strong Duke, and appeareth in the Form of an hurtful Angel riding on an Infernal Beast like a Dragon, and carrying in his right hand a Viper. Thou must in no wise let him approach too near unto thee, lest he do thee damage by his Noisome Breath. Wherefore the Magician must hold the Magical Ring near his face, and that will defend him. He giveth true answers of things Past, Present, and to Come, and can discover all Secrets. He will declare wittingly how the Spirits fell, if desired, and the reason of his own fall. He can make men wonderfully knowing in all Liberal Sciences. He ruleth 40 Legions of Spirits. His Seal is this, which wear thou as a Lamen before thee, or else he will not appear nor yet obey thee, etc.
30	Forneus	Forneus	slice-0108-front-4-seal-grid-r02-c02	front-4-seal-grid-r02-c02	images/front-4.jpg	slices/ink-128-u8/slice-0108-front-4-seal-grid-r02-c02.u8	36,42,38,39,41,54,72,81,86,67,44,36,39,38,39,36,29,68,20,38,74,60,34,54,49,35,66,68,26,18,19,22,22,18,48,74,22,42,59,61,55,47,32,24,70,31,16,21,25,40,83,80,60,39,85,51,47,65,58,49,73,74,23,20,23,77,22,66,23,18,53,51,55,53,19,21,49,23,65,18,45,51,43,31,18,19,51,50,51,48,19,16,36,31,56,21,65,20,54,71,62,55,79,76,65,89,52,54,80,50,34,41,69,50,49,35,57,43,73,59,50,78,25,51,35,47,44,50,67,49,53,20,98,68,130,36,56,86,65,76,17,45,49,55,70,27,54,23,80,27,81,65,83,73,47,78,18,43,34,45,54,45,48,26,16,34,74,60,75,75,54,18,31,31,58,22,27,80,19,61,21,72,72,71,69,77,77,33,52,25,71,12,27,42,63,76,62,58,85,67,84,81,72,68,70,65,26,12,27,11,55,64,15,46,76,69,80,73,58,14,69,44,13,14,29,10,13,50,82,46,18,53,53,15,42,74,30,16,12,13,43,37,34,37,37,63,82,77,77,69,42,20,15,17,16,15	(30.) Forneus. —The Thirtieth Spirit is Forneus. He is a Mighty and Great Marquis, and appeareth in the Form of a Great Sea-Monster. He teacheth, and maketh men wonderfully knowing in the Art of Rhetoric. He causeth men to have a Good Name, and to have the knowledge and understanding of Tongues. He maketh one to be beloved of his Foes as well as of his Friends. He governeth 29 Legions of Spirits, partly of the Order of Thrones, and partly of that of Angels. His Seal is this, which wear thou, etc.
31	Foras	Foras	slice-0109-front-4-seal-grid-r02-c03	front-4-seal-grid-r02-c03	images/front-4.jpg	slices/ink-128-u8/slice-0109-front-4-seal-grid-r02-c03.u8	50,40,36,36,35,42,73,77,75,74,52,40,41,48,43,35,37,67,32,26,71,59,27,59,39,22,51,62,31,14,12,15,37,17,37,77,22,29,47,49,44,47,39,16,53,36,10,12,46,29,106,49,47,36,29,34,30,34,24,49,59,98,30,13,37,70,35,86,70,14,94,108,91,106,16,42,85,34,66,13,37,71,25,82,97,39,78,85,70,78,42,64,74,37,40,32,56,37,48,20,45,67,65,82,73,75,86,31,30,47,17,57,69,18,43,44,66,58,56,59,57,56,65,58,56,47,14,59,74,42,48,57,97,89,75,79,89,89,101,84,66,46,35,61,61,66,51,19,40,69,53,66,68,72,75,32,32,57,62,64,39,63,26,40,38,54,65,92,73,75,50,31,46,49,41,39,34,71,17,69,74,13,48,61,61,58,12,52,95,15,80,11,36,22,68,14,56,23,26,29,19,26,18,55,23,49,40,8,41,11,35,63,55,75,47,46,47,51,67,60,49,51,9,10,43,11,11,28,82,46,15,9,12,11,46,71,45,8,9,8,39,14,11,12,12,36,63,60,62,62,44,20,17,14,16,13	(31.) Foras. —The Thirty-first Spirit is Foras. He is a Mighty President, and appeareth in the Form of a Strong Man in Human Shape. He can give the understanding to Men how they may know the Virtues of all Herbs and Precious Stones. He teacheth the Arts of Logic and Ethics in all their parts. If desired he maketh men invisible, [19] and to live long, and to be eloquent. He can discover Treasures and recover things Lost. He ruleth over 29 Legions of Spirits, and his Seal is this, which wear thou, etc.
32	Asmoday	Asmoday	slice-0110-front-4-seal-grid-r02-c04	front-4-seal-grid-r02-c04	images/front-4.jpg	slices/ink-128-u8/slice-0110-front-4-seal-grid-r02-c04.u8	56,37,36,35,30,38,60,62,60,58,38,26,25,25,24,53,46,66,19,22,61,49,21,46,32,20,43,62,27,9,9,38,41,15,28,64,15,30,43,59,53,42,30,11,56,39,8,35,41,22,67,15,42,27,15,18,13,11,29,45,11,59,26,31,38,69,34,43,40,50,102,85,80,96,32,65,44,25,67,30,47,71,81,55,56,77,67,60,58,65,87,52,55,79,67,46,80,28,46,29,24,97,90,62,69,81,104,15,23,46,15,73,87,16,47,14,15,68,55,33,34,69,75,8,12,43,8,71,85,14,48,15,17,72,22,34,32,15,77,15,8,45,8,71,79,24,47,47,68,59,77,52,53,86,53,92,53,43,12,72,51,59,55,84,98,52,83,56,68,99,75,71,78,37,38,47,36,77,15,55,20,13,62,70,71,48,11,11,49,8,70,26,38,28,62,22,69,19,68,52,56,73,19,63,13,51,31,24,40,10,44,66,64,53,70,47,50,61,52,66,80,46,7,19,40,11,14,33,64,38,14,13,13,13,36,63,33,8,9,22,45,22,27,27,33,54,70,69,70,72,56,35,36,37,37,47	(32.) Asmoday. —The Thirty-second Spirit is Asmoday, or Asmodai. He is a Great King, Strong, and Powerful. He appeareth with Three Heads, whereof the first is like a Bull, the second like a Man, and the third like a Ram; he hath also the tail of a Serpent, and from his mouth issue Flames of Fire. His Feet are webbed like those of a Goose. He sitteth upon an Infernal Dragon, and beareth in his hand a Lance with a Banner. He is first and choicest under the Power of Amaymon , he goeth before all other. When the Exorcist hath a mind to call him, let it be abroad, and let him stand on his feet all the time of action, with his Cap or Head-dress off; for if it be on, Amaymon will deceive him and call all his actions to be bewrayed. But as soon as the Exorcist seeth Asmoday in the shape aforesaid, he shall call him by his Name, saying: “Art thou Asmoday?” and he will not deny it, and by-and-by he will bow down unto the ground. He giveth the Ring of Virtues; he teacheth the Arts of Arithmetic, Astronomy, Geometry, and all handicrafts absolutely. He giveth true and full answers unto thy demands. He maketh one Invincible. He showeth the place where Treasures lie, and guardeth it. He, amongst the Legions of Amaymon governeth 72 Legions of Spirits Inferior. His Seal is this which thou must wear as a Lamen upon thy breast, etc.
33	Gaap	Gaap	slice-0111-front-4-seal-grid-r03-c01	front-4-seal-grid-r03-c01	images/front-4.jpg	slices/ink-128-u8/slice-0111-front-4-seal-grid-r03-c01.u8	71,62,55,53,50,74,81,83,82,78,59,29,27,24,21,29,75,69,31,60,79,44,26,69,48,22,40,68,45,15,14,21,45,35,67,59,29,55,55,53,53,52,48,16,55,48,11,22,41,62,67,40,66,32,22,33,33,21,36,61,20,51,34,22,43,114,105,95,90,73,46,71,92,29,61,53,92,69,75,21,74,57,73,69,122,91,69,63,67,58,62,36,111,51,44,39,91,34,63,62,31,28,26,54,60,29,35,45,49,95,21,66,99,35,63,71,63,81,61,65,72,59,52,50,113,71,12,62,95,31,63,61,31,57,29,24,22,19,18,75,66,47,11,65,93,32,58,65,27,57,44,57,23,59,34,65,85,49,16,60,78,49,88,101,68,85,94,69,31,55,75,60,59,42,44,33,47,93,80,71,62,72,95,72,60,50,41,58,83,79,91,18,46,65,53,42,65,35,87,78,24,23,28,56,16,68,28,17,44,28,73,56,33,65,58,56,54,55,47,17,53,45,11,22,45,27,26,67,80,40,26,52,60,19,38,72,34,8,9,18,57,33,31,35,39,71,77,74,84,70,51,24,19,20,19,26	(33.) Gaap. —The Thirty-third Spirit is Gäap. He is a Great President and a Mighty Prince. He appeareth when the Sun is in some of the Southern Signs, in a Human Shape, going before Four Great and Mighty Kings, as if he were a Guide to conduct them along on their way. His Office is to make men Insensible or Ignorant; as also in Philosophy to make them Knowing, and in all the Liberal Sciences. He can cause Love or Hatred, also he can teach thee to consecrate those things that belong to the Dominion of Amaymon his King. He can deliver Familiars out of the Custody of other Magicians, and answereth truly and perfectly of things Past, Present, and to Come. He can carry and re-carry men very speedily from one Kingdom to another, at the Will and Pleasure of the Exorcist. He ruleth over 66 Legions of Spirits, and he was of the Order of Potentates. His Seal is this to be made and to be worn as aforesaid, etc.
34	Furfur	Furfur	slice-0112-front-4-seal-grid-r03-c02	front-4-seal-grid-r03-c02	images/front-4.jpg	slices/ink-128-u8/slice-0112-front-4-seal-grid-r03-c02.u8	45,41,26,27,29,59,70,84,79,80,64,42,38,38,37,33,56,42,15,55,70,31,13,60,27,18,33,69,40,10,12,12,28,16,62,44,19,49,49,44,46,49,50,15,47,59,11,11,27,56,58,34,55,18,15,13,14,11,16,54,20,44,41,11,35,90,81,70,18,25,19,19,46,53,11,13,54,58,82,16,74,28,58,87,50,66,100,85,112,110,36,50,55,73,46,43,79,15,54,63,81,35,82,58,66,60,55,14,20,72,11,63,77,17,47,26,45,16,15,14,16,16,54,28,14,77,10,61,83,18,49,24,46,15,14,13,12,10,13,75,46,71,10,59,82,16,50,17,71,37,66,47,40,52,48,57,86,48,10,57,71,32,74,19,41,58,83,55,60,14,60,57,59,48,31,41,38,95,87,78,63,43,64,55,16,14,29,55,77,69,83,12,33,46,50,22,60,44,87,77,12,13,21,53,17,55,41,9,39,12,61,49,13,41,73,55,33,49,46,14,46,53,12,9,42,15,13,52,74,32,12,42,51,12,32,66,42,9,8,7,52,27,22,24,24,53,67,66,63,67,51,25,21,21,19,19	(34.) Furfur. —The Thirty-fourth Spirit is Furfur. He is a Great and Mighty Earl, appearing in the Form of an Hart with a Fiery Tail. He never speaketh truth unless he be compelled, or brought up within a triangle, △. Being therein, he will take upon himself the Form of an Angel. Being bidden, he speaketh with a hoarse voice. Also he will wittingly urge Love between Man and Woman. He can raise Lightnings and Thunders, Blasts, and Great Tempestuous Storms. And he giveth True Answers both of Things Secret and Divine, if commanded. He ruleth over 26 Legions of Spirits. And his Seal is this, etc.
35	Marchosias	Marchosias	slice-0113-front-4-seal-grid-r03-c03	front-4-seal-grid-r03-c03	images/front-4.jpg	slices/ink-128-u8/slice-0113-front-4-seal-grid-r03-c03.u8	71,45,45,43,43,56,81,89,94,77,62,40,40,34,33,27,48,66,32,30,78,48,18,54,63,14,31,63,54,15,12,11,50,16,42,72,15,39,51,54,51,49,45,16,36,59,11,11,48,29,110,50,54,26,15,62,29,9,14,48,50,87,53,9,45,76,32,74,57,70,68,115,76,59,49,45,84,48,68,21,53,60,31,32,61,74,64,69,53,43,60,40,50,52,22,52,86,28,49,15,51,56,35,45,44,25,32,47,53,50,12,62,92,14,50,12,15,56,12,12,12,12,53,18,15,46,20,53,83,36,62,12,11,57,18,10,10,11,54,28,15,38,52,56,76,59,65,13,18,64,58,12,12,15,26,36,42,43,40,57,49,63,27,32,48,15,47,12,45,58,32,13,38,42,21,47,40,70,12,53,65,51,43,14,50,19,50,26,64,15,58,17,41,22,58,12,65,78,32,38,32,13,34,60,26,32,52,6,40,9,36,60,21,94,56,47,49,49,48,65,41,62,9,6,40,9,9,29,84,74,12,12,13,12,25,84,55,8,7,5,49,20,18,20,20,45,68,68,70,71,63,26,17,16,18,14	(35.) Marchosias. —The Thirty-fifth Spirit is Marchosias. He is a Great and Mighty Marquis, appearing at first in the Form of a Wolf [20] having Gryphon’s Wings, and a Serpent’s Tail, and Vomiting Fire out of his mouth. But after a time, at the command of the Exorcist he putteth on the Shape of a Man. And he is a strong fighter. He was of the Order of Dominations. He governeth 30 Legions of Spirits. He told his Chief, who was Solomon, that after 1,200 years he had hopes to return unto the Seventh Throne. And his Seal is this, to be made and worn as a Lamen, etc.
36	Stolas	Stolas|or Stolos	slice-0114-front-4-seal-grid-r03-c04	front-4-seal-grid-r03-c04	images/front-4.jpg	slices/ink-128-u8/slice-0114-front-4-seal-grid-r03-c04.u8	46,27,25,25,22,30,51,62,59,52,30,15,11,12,12,24,43,65,17,25,66,53,27,54,66,27,51,70,25,10,10,25,41,12,33,63,20,30,53,49,59,50,33,14,62,35,8,24,40,22,102,37,46,33,14,14,15,16,29,51,15,71,25,22,37,67,21,63,82,77,13,16,13,16,13,16,67,63,70,19,45,54,26,28,32,42,25,70,89,26,23,18,25,36,46,37,70,23,39,52,55,58,62,55,65,57,48,59,59,44,15,64,79,13,64,30,24,33,100,29,39,75,37,51,59,90,12,62,72,13,79,18,26,37,52,54,44,54,57,61,82,97,31,64,61,51,42,66,33,67,36,78,76,43,75,51,54,55,61,63,42,46,32,27,61,61,46,58,81,62,53,44,16,42,39,42,35,60,10,43,28,43,14,77,89,34,10,14,49,12,70,18,34,25,52,14,80,66,14,48,66,23,16,48,20,48,41,13,38,9,37,49,38,73,41,29,68,47,47,66,53,61,8,12,37,7,9,27,68,45,14,14,15,11,30,66,41,9,6,14,37,17,18,18,19,39,60,61,60,58,48,21,18,21,22,26	(36.) Stolas, or Stolos. —The Thirty-sixth Spirit is Stolas, or Stolos. He is a Great and Powerful Prince, appearing in the Shape of a Mighty Raven at first before the Exorcist; but after he taketh the image of a Man. He teacheth the Art of Astronomy, and the Virtues of Herbs and Precious Stones. He governeth 26 Legions of Spirits; and his Seal is this, which is, etc.
37	Phenex	Phenex	slice-0115-front-4-seal-grid-r04-c01	front-4-seal-grid-r04-c01	images/front-4.jpg	slices/ink-128-u8/slice-0115-front-4-seal-grid-r04-c01.u8	71,59,47,53,49,66,85,92,96,91,66,41,37,35,35,36,55,105,37,46,85,59,29,67,67,24,48,78,44,12,11,16,57,30,52,81,31,47,56,57,51,52,49,18,52,53,10,12,59,45,123,61,74,41,23,21,19,17,26,67,37,65,44,13,65,94,49,85,46,78,23,54,59,19,51,82,49,33,66,18,74,85,44,99,114,122,86,94,106,99,58,36,15,46,28,51,99,58,64,30,33,63,27,35,47,20,18,12,10,46,13,60,112,41,66,29,26,76,43,63,25,17,20,20,11,42,12,58,109,47,67,59,29,27,82,32,23,38,62,61,14,39,68,78,99,99,97,99,64,61,90,60,64,112,89,83,78,99,46,60,78,85,45,54,24,26,88,39,29,58,65,67,23,52,20,47,71,90,35,68,31,25,60,31,25,22,35,37,49,17,63,14,72,44,85,31,73,37,25,24,26,22,20,53,29,41,55,7,71,32,54,78,114,54,61,59,59,60,60,87,46,69,12,6,68,28,27,42,81,54,25,26,25,22,32,82,50,14,10,7,78,42,38,35,34,52,71,76,80,76,63,36,30,28,26,21	(37.) Phenex. —The Thirty-Seventh Spirit is Phenex (or Pheynix). He is a great Marquis, and appeareth like the Bird Phœnix, having the Voice of a Child. He singeth many sweet notes before the Exorcist, which he must not regard, but by-and-by he must bid him put on Human Shape. Then he will speak marvellously of all wonderful Sciences if required. He is a Poet, good and excellent. And he will be willing to perform thy requests. He hath hopes also to return to the Seventh Throne after 1,200 years more, as he said unto Solomon. He governeth 20 Legions of Spirits. And his Seal is this, which wear thou, etc.
38	Halphas	Halphas|Malthus	slice-0116-front-4-seal-grid-r04-c02	front-4-seal-grid-r04-c02	images/front-4.jpg	slices/ink-128-u8/slice-0116-front-4-seal-grid-r04-c02.u8	55,43,42,39,34,44,65,70,75,68,50,34,29,30,27,26,43,48,50,25,69,55,23,41,78,19,40,67,40,11,9,6,46,14,36,76,22,29,53,52,53,49,45,15,46,55,11,8,44,24,75,16,54,41,15,11,12,13,17,52,26,42,49,11,40,69,20,48,26,12,11,10,11,42,56,50,50,16,60,18,42,59,21,44,24,21,21,20,23,73,56,62,55,47,23,48,69,30,64,70,74,60,70,64,80,38,17,42,66,48,10,58,73,43,89,68,85,70,57,41,76,41,54,75,83,77,64,73,70,78,61,40,84,84,49,48,87,66,58,72,73,33,53,66,56,26,48,44,74,74,77,54,85,99,31,49,32,44,11,59,40,42,28,41,75,92,54,62,81,55,46,22,13,51,14,57,40,55,12,59,19,13,14,30,44,11,9,10,46,22,56,23,46,28,51,16,60,24,13,12,10,11,10,48,31,26,61,7,46,14,39,49,14,45,54,46,44,51,54,20,31,74,10,5,45,13,13,35,61,27,12,45,60,13,18,64,63,11,6,6,55,27,29,28,32,53,60,60,70,60,64,36,23,23,24,21	(38.) Halphas , or Malthus .—The Thirty-eighth Spirit is Halphas, or Malthous (or Malthas). He is a Great Earl, and appeareth in the Form of a Stock-Dove. He speaketh with a hoarse Voice. His Office is to build up Towers, and to furnish them with Ammunition and Weapons, and to send Men-of-War [21] to places appointed. He ruleth over 26 Legions of Spirits, and his Seal is this, etc.
39	Malphas	Malphas	slice-0117-front-4-seal-grid-r04-c03	front-4-seal-grid-r04-c03	images/front-4.jpg	slices/ink-128-u8/slice-0117-front-4-seal-grid-r04-c03.u8	56,31,30,32,33,45,65,78,77,79,59,36,32,28,28,24,38,40,34,15,61,58,26,43,53,12,28,56,48,10,6,7,43,12,20,61,22,24,46,48,49,48,43,14,31,65,11,8,46,19,74,22,41,42,17,18,30,20,18,49,31,24,58,7,41,57,33,51,64,66,66,76,61,61,73,55,80,27,48,28,41,73,17,85,57,46,82,81,58,75,47,39,46,49,15,64,55,53,47,21,71,54,71,28,53,60,60,45,45,38,19,54,71,59,64,16,58,40,36,59,70,61,33,49,46,15,45,43,69,93,67,16,12,68,64,51,68,52,75,56,12,15,56,52,57,47,47,15,13,41,37,14,46,13,57,14,8,32,25,47,39,63,19,45,12,28,53,85,68,83,50,9,8,47,11,60,41,59,23,50,25,14,61,62,59,69,50,8,30,30,43,38,43,20,73,12,54,33,38,82,131,63,26,35,35,18,74,9,46,12,30,70,16,36,45,66,85,63,49,26,19,71,19,9,45,11,14,25,62,42,14,14,83,15,14,57,68,14,11,9,52,27,29,30,30,45,68,68,71,70,64,34,22,20,19,18	(39.) Malphas. —The Thirty-ninth Spirit is Malphas. He appeareth at first like a Crow, but after he will put on Human Shape at the request of the Exorcist, and speak with a hoarse Voice. He is a Mighty President and Powerful. He can build Houses and High Towers, and can bring to thy Knowledge Enemies’ Desires and Thoughts, and that which they have done. He giveth Good Familiars. If thou makest a Sacrifice unto him he will receive it kindly and willingly, but he will deceive him that doth it. He governeth 40 Legions of Spirits, and his Seal is this, etc.
40	Raum	Raum	slice-0118-front-4-seal-grid-r04-c04	front-4-seal-grid-r04-c04	images/front-4.jpg	slices/ink-128-u8/slice-0118-front-4-seal-grid-r04-c04.u8	54,29,32,32,31,39,63,74,72,71,51,33,33,34,33,34,42,42,42,14,60,64,31,48,67,17,41,61,41,10,10,14,40,10,17,68,27,24,48,75,65,42,39,12,41,54,9,14,42,13,73,46,44,43,12,9,13,10,16,50,23,59,50,15,38,48,40,68,29,31,58,74,70,54,19,13,52,36,61,22,32,57,14,77,50,87,93,64,61,74,87,68,16,44,22,51,45,50,37,74,64,55,66,89,127,75,105,101,79,72,9,60,65,40,46,41,52,72,41,34,46,71,86,48,81,72,20,60,68,55,55,19,54,64,85,58,37,40,98,69,73,73,47,70,45,75,58,64,65,64,49,60,84,84,110,68,83,80,46,66,36,60,19,80,54,38,39,78,49,54,73,48,70,70,18,53,40,55,29,52,45,56,67,31,63,77,63,72,47,23,55,26,41,16,71,16,43,65,68,13,63,62,53,91,32,30,59,14,47,14,24,75,20,88,54,47,49,52,69,71,35,64,14,11,49,13,13,18,66,98,23,15,14,18,35,99,56,13,10,12,48,26,24,23,23,38,68,73,71,74,55,27,19,21,19,23	(40.) Raum. —The Fortieth Spirit is Räum. He is a Great Earl; and appeareth at first in the Form of a Crow, but after the Command of the Exorcist he putteth on Human Shape. His office is to steal Treasures out King’s Houses, and to carry it whither he is commanded, and to destroy Cities and Dignities of Men, and to tell all things, Past, and What Is, and what Will Be; and to cause Love between Friends and Foes. He was of the Order of Thrones. He governeth 30 Legions of Spirits; and his Seal is this, which wear thou as aforesaid.
41	Focalor	Focalor	slice-0119-front-4-seal-grid-r05-c01	front-4-seal-grid-r05-c01	images/front-4.jpg	slices/ink-128-u8/slice-0119-front-4-seal-grid-r05-c01.u8	90,52,48,43,40,49,73,83,86,84,63,34,31,29,26,21,78,95,50,35,80,61,27,52,60,22,38,71,56,13,12,9,77,29,43,84,28,37,50,49,47,50,44,17,41,68,12,8,75,32,101,28,57,43,24,43,17,39,20,60,27,51,58,7,71,88,76,92,92,111,91,104,59,111,64,111,87,64,85,21,67,85,35,56,46,50,31,56,22,54,15,51,15,56,18,61,82,61,62,28,41,52,40,56,43,50,41,50,12,49,14,65,98,41,62,26,40,76,63,72,65,51,61,65,13,35,28,55,105,44,64,25,37,48,27,54,21,55,15,53,15,31,30,50,86,56,66,28,36,52,27,60,23,56,15,57,15,44,15,63,69,77,40,52,66,91,84,74,81,68,73,84,40,52,13,71,69,84,64,105,58,81,125,25,68,56,112,54,47,81,74,38,71,41,95,38,67,40,40,54,60,41,29,40,43,36,85,10,76,29,58,75,27,52,59,99,80,101,48,26,21,69,17,11,76,32,33,50,80,46,23,26,66,21,24,52,61,17,10,9,78,41,37,38,37,62,74,75,77,65,60,36,21,22,20,15	(41.) Focalor. —The Forty-first Spirit is Focalor, or Forcalor, or Furcalor. He is a Mighty Duke and Strong. He appeareth in the Form of a Man with Gryphon’s Wings. His office is to slay Men, and to drown them in the Waters, and to overthrow Ships of War, for he hath Power over both Winds and Seas; but he will not hurt any man or thing if he be commanded to the contrary by the Exorcist. He also hath hopes to return to the Seventh Throne after 1,000 years. He governeth 30 Legions of Spirits, and his Seal is this, etc.
42	Vepar	Vepar	slice-0120-front-4-seal-grid-r05-c02	front-4-seal-grid-r05-c02	images/front-4.jpg	slices/ink-128-u8/slice-0120-front-4-seal-grid-r05-c02.u8	58,33,34,29,29,39,62,73,76,76,70,34,29,27,27,23,50,47,56,23,67,52,23,35,67,18,32,64,52,14,10,9,48,14,31,72,23,31,46,47,50,46,48,21,36,67,14,10,43,18,73,20,44,47,33,48,18,14,17,46,29,29,69,11,42,59,75,54,98,30,64,49,41,17,10,13,43,29,60,29,43,77,76,45,17,54,97,14,88,67,39,56,15,71,56,58,63,47,45,17,13,15,81,49,65,16,53,75,65,39,19,55,87,30,46,14,15,15,55,30,97,18,13,86,78,48,35,42,84,31,49,16,28,38,53,37,54,61,36,74,79,70,37,40,64,44,47,50,51,67,80,64,106,66,49,78,50,32,20,52,46,63,28,122,49,53,59,16,57,26,40,73,24,47,13,67,46,67,27,54,54,50,19,16,16,16,14,16,33,34,41,46,50,26,71,20,64,29,17,16,15,17,17,37,65,17,77,11,51,18,39,68,70,61,52,50,49,47,51,47,59,83,24,9,54,17,17,30,72,46,18,19,19,16,19,50,73,20,13,9,54,24,23,24,25,45,66,63,62,65,64,36,21,19,20,16	(42.) Vepar. —The Forty-second Spirit is Vepar, or Vephar. He is a Duke Great and Strong and appeareth like a Mermaid. His office is to govern the Waters, and to guide Ships laden with Arms, Armour, and Ammunition, etc., thereon. And at the request of the Exorcist he can cause the seas to be right stormy and to appear full of ships. Also he maketh men to die in Three Days by Putrefying Wounds or Sores, and causing Worms to breed in them. He governeth 29 Legions of Spirits, and his Seal is this, etc.
43	Sabnock	Sabnock	slice-0121-front-4-seal-grid-r05-c03	front-4-seal-grid-r05-c03	images/front-4.jpg	slices/ink-128-u8/slice-0121-front-4-seal-grid-r05-c03.u8	49,29,29,24,22,30,52,63,60,63,56,28,21,22,24,19,39,44,39,11,52,53,22,23,83,13,18,50,49,9,9,6,38,8,11,59,23,20,40,44,42,40,42,18,23,69,14,5,38,9,68,53,35,36,11,11,73,12,11,34,31,51,66,6,35,43,39,66,107,55,49,45,64,45,48,48,96,57,34,40,33,62,11,49,41,68,63,15,76,17,61,56,48,43,8,56,43,56,32,28,39,86,69,14,19,16,54,72,45,23,26,41,61,46,46,40,42,41,43,40,100,40,45,34,48,41,37,27,69,48,43,77,72,74,40,77,70,83,44,64,67,58,40,25,49,77,110,25,40,13,56,34,45,19,63,14,45,18,75,63,37,72,25,49,43,15,50,43,43,26,59,13,43,45,14,62,38,51,36,37,88,50,67,66,70,56,93,47,88,38,28,52,40,14,74,18,51,36,12,9,56,8,9,27,52,15,67,11,40,12,23,72,20,63,45,40,109,42,40,65,22,64,20,5,43,13,14,21,69,73,19,13,14,12,12,66,55,18,8,6,45,20,17,18,18,35,58,63,54,55,54,31,16,17,10,11	(43.) Sabnock. —The Forty-third Spirit, as King Solomon commanded them into the Vessel of Brass, is called Sabnock, or Savnok. He is a Marquis, Mighty, Great and Strong, appearing in the Form of an Armed Soldier with a Lion’s Head, riding on a pale-coloured horse. His office is to build high Towers, Castles and Cities, and to furnish them with Armour, etc. Also he can afflict Men for many days with Wounds and with Sores rotten and full of Worms. He giveth Good Familiars at the request of the Exorcist. He commandeth 50 Legions of Spirits; and his Seal is this, etc.
44	Shax	Shax	slice-0122-front-4-seal-grid-r05-c04	front-4-seal-grid-r05-c04	images/front-4.jpg	slices/ink-128-u8/slice-0122-front-4-seal-grid-r05-c04.u8	46,25,24,25,24,34,59,68,64,65,55,29,22,23,24,23,38,44,44,16,58,61,28,17,62,18,34,57,47,9,8,10,38,13,17,70,26,22,41,42,43,45,44,13,30,61,10,9,37,12,64,22,36,38,12,15,10,12,17,44,25,25,56,8,34,41,77,49,97,43,43,111,44,44,39,12,71,26,55,28,35,61,62,52,45,40,81,45,51,63,99,69,56,90,62,65,54,61,35,76,56,40,70,74,38,37,39,51,58,38,18,67,77,50,42,36,53,34,63,48,47,53,26,72,73,27,32,60,77,50,36,13,76,68,75,69,49,69,83,70,21,71,33,59,59,59,28,25,48,56,55,74,63,47,21,72,84,94,17,62,38,70,10,44,157,69,81,74,78,85,146,99,61,84,10,63,39,47,36,42,105,26,48,62,51,32,79,53,47,27,47,33,40,11,67,17,55,42,38,112,35,15,13,37,42,18,64,10,38,9,17,73,56,27,72,72,61,42,44,53,76,65,13,9,39,10,9,16,65,60,22,14,14,14,24,59,56,15,9,9,37,14,14,15,18,26,55,60,58,59,53,20,17,17,16,16	(44.) Shax. —The Forty-fourth Spirit is Shax, or Shaz (or Shass). He is a Great Marquis and appeareth in the Form of a Stock-Dove, speaking with a voice hoarse, but yet subtle. His Office is to take away the Sight, Hearing, or Understanding of any Man or Woman at the command of the Exorcist; and to steal money out of the houses of Kings, and to carry it again in 1,200 years. If commanded he will fetch Horses at the request of the Exorcist, or any other thing. But he must first be commanded into a Triangle, △, or else he will deceive him, and tell him many Lies. He can discover all things that are Hidden, and not kept by Wicked Spirits. He giveth good Familiars, sometimes. He governeth 30 Legions of Spirits, and his Seal is this, etc.
45	Viné	Viné	slice-0123-front-4-seal-grid-r06-c01	front-4-seal-grid-r06-c01	images/front-4.jpg	slices/ink-128-u8/slice-0123-front-4-seal-grid-r06-c01.u8	74,55,51,50,48,42,63,69,61,66,65,41,32,32,32,27,72,65,39,28,51,60,35,27,73,19,20,48,61,17,7,6,74,28,26,69,42,23,49,56,47,49,51,28,16,66,22,6,76,27,65,46,33,58,43,25,20,17,15,40,45,13,68,12,73,35,68,30,100,71,76,104,89,55,18,18,54,43,23,54,69,69,32,57,41,102,60,28,34,60,67,51,88,89,18,55,66,73,29,56,66,78,31,24,22,19,35,40,62,16,46,28,62,74,31,66,96,95,76,72,36,20,64,48,66,14,44,13,59,65,33,125,100,84,48,31,67,22,19,23,56,13,44,12,58,72,28,60,68,44,79,58,78,109,81,30,46,14,43,27,58,74,36,60,52,68,37,74,50,77,81,64,23,34,27,45,62,43,86,84,58,23,22,22,55,38,65,66,22,59,65,56,60,36,72,69,40,61,23,19,23,22,22,34,57,33,74,23,55,36,29,69,53,27,55,53,51,52,51,44,23,63,37,14,49,43,26,26,57,72,45,25,20,22,25,45,65,30,17,12,56,91,67,54,50,50,70,84,88,76,71,52,36,31,30,28	(45.) Viné. —The Forty-fifth Spirit is Viné, or Vinea. He is a Great King, and an Earl; and appeareth in the Form of a Lion, [22] riding upon a Black Horse, and bearing a Viper in his hand. His Office is to discover Things Hidden, Witches, Wizards, and Things Present, Past, and to Come. He, at the command of the Exorcist will build Towers, overthrow Great Stone Walls, and make the Waters rough with Storms. He governeth 36 Legions of Spirits. And his Seal is this, which wear thou, as aforesaid, etc.
46	Bifrons	Bifrons	slice-0124-front-4-seal-grid-r06-c02	front-4-seal-grid-r06-c02	images/front-4.jpg	slices/ink-128-u8/slice-0124-front-4-seal-grid-r06-c02.u8	56,47,48,36,33,35,60,75,77,84,79,50,41,41,41,34,46,37,37,11,38,50,24,15,85,33,19,51,64,20,8,9,47,14,14,48,28,18,44,46,46,47,49,28,21,73,22,7,46,15,41,28,28,46,13,12,60,22,10,37,43,14,72,15,42,23,79,49,88,62,47,62,91,79,49,48,97,49,49,57,47,53,23,61,29,36,66,69,50,72,70,13,48,56,84,58,67,55,16,104,72,33,13,57,83,64,13,12,72,91,51,32,79,53,31,38,37,34,17,18,53,44,14,16,55,13,47,14,76,54,30,36,79,66,51,66,48,77,45,71,109,16,50,14,66,59,17,52,14,37,77,52,50,68,50,84,15,16,48,28,47,56,19,62,15,15,88,50,75,72,63,51,12,46,22,55,39,34,56,34,54,16,96,71,15,44,80,54,20,53,24,67,41,29,62,37,89,75,70,38,16,13,71,33,79,20,65,25,39,32,21,68,73,30,55,55,51,48,49,35,23,79,36,16,33,35,21,22,57,64,34,18,21,19,22,46,66,34,18,14,38,48,30,30,31,36,62,74,73,72,69,44,29,26,26,22	(46.) Bifrons. —The Forty-sixth Spirit is called Bifrons, or Bifröus, or Bifrovs. He is an Earl, and appeareth in the Form of a Monster; but after a while, at the Command of the Exorcist, he putteth on the shape of a Man. His Office is to make one knowing in Astrology, Geometry, and other Arts and Sciences. He teacheth the Virtues of Precious Stones and Woods. He changeth Dead Bodies, and putteth them in another place; also he lighteth seeming Candles upon the Graves of the Dead. He hath under his Command 6 Legions of Spirits. His Seal is this, which he will own and submit unto, etc.
47	Uvall	Uvall|Vual|Voval	slice-0125-front-4-seal-grid-r06-c03	front-4-seal-grid-r06-c03	images/front-4.jpg	slices/ink-128-u8/slice-0125-front-4-seal-grid-r06-c03.u8	60,53,46,36,35,40,61,68,66,69,63,40,31,31,28,31,40,43,32,11,51,56,27,18,58,19,16,46,57,15,7,8,40,11,14,70,30,21,50,48,44,48,47,25,15,59,22,7,40,10,66,30,29,47,15,36,68,55,10,28,39,12,61,10,36,32,61,97,75,55,47,55,17,60,36,43,54,60,67,49,44,63,12,59,62,55,46,30,65,29,42,47,22,64,27,52,64,62,14,55,44,51,45,52,64,48,42,42,40,44,42,26,81,55,33,44,34,51,72,38,13,40,65,45,25,44,43,12,81,59,34,43,40,47,23,19,13,17,19,47,16,49,40,12,72,65,17,64,30,70,64,49,51,47,66,58,27,44,44,27,53,70,16,65,82,50,56,54,52,42,63,49,73,55,20,57,35,36,53,61,64,25,14,50,81,58,12,22,41,49,78,60,36,19,58,52,31,45,14,13,85,28,8,32,43,17,81,18,37,24,16,61,33,18,44,44,42,43,49,28,16,67,29,10,33,23,14,17,53,60,30,16,48,45,24,48,61,24,12,10,37,31,22,21,21,25,50,62,62,60,54,28,18,16,17,11	(47.) Uvall , Vual , or Voval .—The Forty-seventh Spirit is Uvall, or Vual, or Voval. He is a Duke, Great, Mighty, and Strong; and appeareth in the Form of a Mighty Dromedary at the first, but after a while at the Command of the Exorcist he putteth on Human Shape, and speaketh the Egyptian Tongue, but not perfectly. [23] His Office is to procure the Love of Woman, and to tell Things Past, Present, and to Come. He also procureth Friendship between Friends and Foes. He was of the Order of Potestates or Powers. He governeth 37 Legions of Spirits, and his Seal is this, to be made and worn before thee, etc.
48	Haagenti	Haagenti	slice-0126-front-4-seal-grid-r06-c04	front-4-seal-grid-r06-c04	images/front-4.jpg	slices/ink-128-u8/slice-0126-front-4-seal-grid-r06-c04.u8	62,36,39,35,37,43,64,78,80,77,74,47,39,39,37,36,40,45,47,12,50,63,33,34,107,16,24,53,68,17,8,14,42,11,11,63,37,21,50,47,50,46,50,27,19,72,30,6,38,11,52,34,34,48,16,12,11,9,8,38,46,11,72,8,35,24,86,57,49,14,14,12,12,9,8,12,29,53,45,48,40,52,25,63,17,16,14,16,14,11,11,10,9,65,74,56,63,59,17,45,27,61,48,64,63,62,66,53,44,18,42,42,79,56,30,72,51,37,76,66,93,75,109,58,61,87,59,28,78,63,28,79,42,21,39,58,45,18,62,23,43,117,66,25,66,66,15,50,16,20,20,114,95,23,89,13,15,23,43,36,41,64,23,56,20,17,17,63,54,17,45,12,13,52,15,51,32,32,63,24,55,17,17,16,17,16,13,12,29,45,22,54,32,23,56,39,61,59,21,15,15,12,13,40,77,31,60,16,30,26,15,63,76,36,53,52,49,56,53,30,46,71,23,9,29,30,16,12,49,71,41,18,15,16,24,47,61,20,15,7,28,32,20,13,17,21,49,56,53,53,49,27,18,15,15,13	(48.) Haagenti. —The Forty-eighth Spirit is Haagenti. He is a President, appearing in the Form of a Mighty Bull with Gryphon’s Wings. This is at first, but after, at the Command of the Exorcist he putteth on Human Shape. His Office is to make Men wise, and to instruct them in divers things; also to Transmute all Metals into Gold; and to change Wine into Water, and Water into Wine. He governeth 33 Legions of Spirits, and his Seal is this, etc.
49	Crocell	Crocell	slice-0127-front-5-seal-grid-r01-c01	front-5-seal-grid-r01-c01	images/front-5.jpg	slices/ink-128-u8/slice-0127-front-5-seal-grid-r01-c01.u8	40,29,32,29,27,45,66,68,70,65,61,37,35,40,49,72,50,51,15,37,62,32,19,36,59,17,28,76,49,17,17,34,28,15,45,51,49,58,55,65,41,45,45,48,39,64,16,33,29,27,77,43,47,22,45,46,17,26,65,53,31,57,51,33,30,67,37,50,19,16,33,32,18,47,77,55,48,62,65,40,44,53,37,72,38,39,54,53,42,69,46,42,63,51,24,69,71,62,62,46,73,57,43,59,75,78,68,46,62,49,66,85,79,18,45,70,66,63,91,48,50,61,18,24,61,47,31,75,78,24,45,47,67,35,54,25,23,101,51,33,55,48,41,84,69,82,63,68,58,64,71,23,38,77,68,44,91,52,38,80,47,57,35,32,15,53,14,17,64,47,50,31,69,54,29,69,35,83,15,62,31,68,13,15,72,80,71,43,64,79,71,34,39,28,97,65,84,61,13,13,54,81,72,58,29,59,55,27,36,10,43,66,13,81,57,50,42,54,58,83,51,58,13,28,36,12,10,32,79,72,17,27,61,15,43,64,45,12,11,28,53,31,29,30,34,52,79,82,81,81,59,34,32,31,31,41	(49.) Crocell. —The Forty-ninth Spirit is Crocell, or Crokel. He appeareth in the Form of an Angel. He is a Duke Great and Strong, speaking something Mystically of Hidden Things. He teacheth the Art of Geometry and the Liberal Sciences. He, at the Command of the Exorcist, will produce Great Noises like the Rushings of many Waters, although there be none. He warmeth Waters, and discovereth Baths. He was of the Order of Potestates, or Powers, before his fall, as he declared unto the King Solomon. He governeth 48 Legions of Spirits. His Seal is this, the which wear thou as aforesaid.
50	Furcas	Furcas	slice-0128-front-5-seal-grid-r01-c02	front-5-seal-grid-r01-c02	images/front-5.jpg	slices/ink-128-u8/slice-0128-front-5-seal-grid-r01-c02.u8	48,35,32,33,35,51,75,80,76,76,68,46,45,41,42,59,27,53,11,21,58,38,16,45,59,17,27,51,44,15,14,38,27,13,29,49,13,36,42,40,41,42,47,18,31,54,15,41,28,23,57,13,45,23,14,15,14,12,16,43,28,31,50,37,28,60,15,45,48,20,13,15,14,14,13,14,41,20,56,42,37,57,27,48,76,93,28,36,43,45,49,30,71,55,22,72,61,32,44,12,75,85,91,97,68,71,68,90,68,63,16,73,69,58,54,13,64,36,18,73,33,68,69,55,46,65,51,96,69,51,53,13,104,60,62,49,75,91,61,84,65,68,43,100,56,28,45,20,88,61,83,58,41,81,73,46,36,49,13,83,35,57,25,77,40,46,19,46,67,85,66,16,13,48,20,76,26,63,13,67,61,52,41,14,28,62,14,12,46,19,60,40,30,19,64,11,48,28,11,12,11,12,15,49,26,35,49,38,32,8,27,65,11,32,47,38,40,42,43,14,37,50,11,39,29,7,8,18,63,46,13,28,60,11,31,57,39,11,10,37,38,24,29,25,24,36,61,68,67,60,47,26,25,25,21,36	(50.) Furcas. —The Fiftieth Spirit is Furcas. He is a Knight, and appeareth in the Form of a Cruel Old Man with a long Beard and a hoary Head, riding upon a pale-coloured Horse, with a Sharp Weapon in his hand. His Office is to teach the Arts of Philosophy, Astrology, Rhetoric, Logic, Cheiromancy, and Pyromancy, in all their parts, and perfectly. He hath under his Power 20 Legions of Spirits. His Seal, or Mark, is thus made, etc.
51	Balam	Balam	slice-0129-front-5-seal-grid-r01-c03	front-5-seal-grid-r01-c03	images/front-5.jpg	slices/ink-128-u8/slice-0129-front-5-seal-grid-r01-c03.u8	44,43,41,41,42,42,65,78,86,73,46,45,42,45,52,71,28,49,12,23,65,55,30,54,59,33,56,62,26,19,20,47,17,14,36,69,17,23,44,53,57,47,31,17,63,36,20,48,15,27,63,14,47,30,14,14,14,16,38,51,16,63,28,48,14,69,14,50,19,10,13,12,14,15,15,20,55,18,68,40,33,47,35,76,14,14,15,14,23,60,15,16,33,37,49,53,62,15,46,73,47,72,72,70,54,63,14,17,16,51,22,73,59,28,65,68,47,72,72,74,61,47,45,62,49,47,49,72,65,59,55,76,43,80,71,84,58,81,86,77,73,85,39,75,64,13,49,38,43,54,100,56,39,38,59,27,34,49,17,81,43,37,49,14,9,13,39,13,12,13,12,12,20,42,44,59,13,71,12,58,9,10,10,10,10,10,12,13,56,15,69,42,11,42,41,23,48,10,8,8,9,9,16,58,22,53,34,45,11,8,58,39,15,45,45,39,41,45,45,16,49,47,13,45,12,5,7,49,62,22,10,34,47,11,29,64,36,13,15,45,21,19,16,16,20,48,55,68,65,62,47,23,23,23,24,45	(51.) Balam. —The Fifty-first Spirit is Balam or Balaam. He is a Terrible, Great, and Powerful King. He appeareth with three Heads: the first is like that of a Bull; the second is like that of a Man; the third is like that of a Ram. He hath the Tail of a Serpent, and Flaming Eyes. He rideth upon a furious Bear, and carrieth a Boshawk upon his Fist. He speaketh with a hoarse Voice, giving True Answers of Things Past, Present, and to Come. He maketh men to go Invisible, and also to be Witty. He governeth 40 Legions of Spirits. His Seal is this, etc.
52	Alloces	Alloces	slice-0130-front-5-seal-grid-r01-c04	front-5-seal-grid-r01-c04	images/front-5.jpg	slices/ink-128-u8/slice-0130-front-5-seal-grid-r01-c04.u8	48,50,49,51,49,55,68,78,72,69,55,55,55,61,59,95,23,71,16,33,59,44,24,67,41,34,56,57,28,24,26,69,12,14,40,47,18,37,40,41,43,47,31,30,62,33,25,65,13,36,40,20,46,26,17,17,17,18,39,46,29,70,29,61,13,69,60,64,17,17,19,20,17,19,20,32,46,62,63,59,42,23,42,126,102,47,52,53,47,42,45,44,61,69,68,64,48,9,36,92,26,16,53,37,50,35,50,41,54,49,46,74,44,9,37,12,14,18,51,54,51,49,43,78,56,51,34,85,53,8,36,44,39,39,66,70,65,70,72,80,67,54,31,87,59,7,48,58,92,20,69,47,66,43,52,64,53,52,39,86,57,12,50,70,43,55,55,62,60,52,55,51,56,44,56,70,18,66,47,42,16,15,18,19,21,63,50,75,59,67,71,61,7,51,43,26,46,16,14,15,17,64,56,65,30,75,41,63,5,9,62,24,22,48,43,38,43,50,50,25,50,56,24,64,6,7,10,58,48,14,17,56,47,20,30,67,50,23,23,71,17,17,18,19,32,56,55,67,62,59,57,32,23,26,27,72	(52.) Alloces. —The Fifty-second Spirit is Alloces, or Alocas. He is a Duke, Great, Mighty, and Strong, appearing in the Form of a Soldier [24] riding upon a Great Horse. His Face is like that of a Lion, very Red, and having Flaming Eyes. His Speech is hoarse and very big. [25] His Office is to teach the Art of Astronomy, and all the Liberal Sciences. He bringeth unto thee Good Familiars; also he ruleth over 36 Legions of Spirits. His Seal is this, which, etc.
53	Camio	Camio|Caim	slice-0131-front-5-seal-grid-r02-c01	front-5-seal-grid-r02-c01	images/front-5.jpg	slices/ink-128-u8/slice-0131-front-5-seal-grid-r02-c01.u8	53,26,26,25,23,32,60,65,65,66,41,22,23,23,26,35,58,68,15,27,70,47,20,35,64,17,45,70,38,12,13,25,42,14,34,65,14,31,44,80,117,47,39,14,52,52,13,24,40,24,98,31,51,30,16,37,99,75,63,53,28,75,39,23,40,70,23,69,17,29,53,20,65,75,90,74,107,28,70,23,49,51,32,30,13,17,53,46,82,48,61,75,40,45,32,53,75,21,79,48,12,12,23,39,67,56,98,51,86,48,13,69,78,12,71,153,17,56,68,85,114,40,23,29,87,56,13,66,79,26,46,30,49,20,42,49,82,98,68,73,105,42,29,65,83,65,57,9,11,12,54,98,127,67,65,79,62,49,86,62,60,43,45,21,10,28,56,69,94,78,74,89,54,49,26,53,43,72,11,58,10,63,11,15,79,74,55,28,49,17,54,24,40,37,45,19,51,26,45,52,71,98,22,41,28,27,47,15,44,8,50,39,38,73,45,85,105,73,60,60,28,59,8,16,43,9,9,43,82,30,10,15,15,11,21,73,49,10,9,17,41,12,12,12,19,51,57,58,54,53,52,20,14,11,12,17	(53.) Camio or Caim .—The Fifty-third Spirit is Camio, or Caim. He is a Great President, and appeareth in the Form of the Bird called a Thrush at first, but afterwards he putteth on the Shape of a Man carrying in his Hand a Sharp Sword. He seemeth to answer in Burning Ashes, or in Coals of Fire. He is a Good Disputer. His Office is to give unto Men the Understanding of all Birds, Lowing of Bullocks, Barking of Dogs, and other Creatures; and also of the Voice of the Waters. He giveth True Answers of Things to Come. He was of the Order of Angels, but now ruleth over 30 Legions of Spirits Infernal. His Seal is this, which wear thou, etc.
54	Murmur	Murmur|Murmus	slice-0132-front-5-seal-grid-r02-c02	front-5-seal-grid-r02-c02	images/front-5.jpg	slices/ink-128-u8/slice-0132-front-5-seal-grid-r02-c02.u8	42,28,26,29,28,42,60,59,65,69,44,29,30,29,30,51,48,83,15,31,68,45,19,55,62,19,46,76,38,13,14,41,36,11,45,57,13,35,44,45,50,50,44,13,56,47,14,38,34,31,56,16,51,37,95,69,20,13,23,57,19,58,41,33,30,68,12,53,14,108,77,111,37,14,13,13,56,12,66,32,50,41,36,26,27,38,49,33,29,92,17,12,22,48,37,56,65,12,50,55,32,52,59,53,64,88,12,12,12,50,13,78,69,32,80,15,24,72,45,51,40,47,51,83,85,60,46,75,75,53,96,39,38,51,64,53,47,68,66,92,85,57,61,76,74,10,76,33,21,54,41,43,53,69,12,11,12,46,12,70,57,33,37,49,44,42,65,45,59,93,11,9,17,43,33,51,31,69,10,52,9,93,71,85,32,43,9,11,52,13,62,22,30,36,44,15,50,41,79,48,24,10,17,49,18,47,35,21,31,7,46,44,10,41,76,72,41,43,40,12,47,47,8,21,35,7,6,37,71,34,11,48,39,11,36,64,35,9,8,22,27,10,12,12,13,39,57,57,58,63,40,16,17,19,17,24	(54.) Murmur , or Murmus .—The Fifty-fourth Spirit is called Murmur, or Murmus, or Murmux. He is a Great Duke, and an Earl; and appeareth in the Form of a Warrior riding upon a Gryphon, with a Ducal Crown upon his Head. There do go before him those his Ministers with great Trumpets sounding. His Office is to teach Philosophy perfectly, and to constrain Souls Deceased to come before the Exorcist to answer those questions which he may wish to put to them, if desired. He was partly of the Order of Thrones, and partly of that of Angels. He now ruleth 30 Legions of Spirits. And his Seal is this, etc.
55	Orobas	Orobas	slice-0133-front-5-seal-grid-r02-c03	front-5-seal-grid-r02-c03	images/front-5.jpg	slices/ink-128-u8/slice-0133-front-5-seal-grid-r02-c03.u8	33,30,31,30,30,37,58,75,79,72,46,34,35,34,35,55,38,89,20,24,63,63,32,64,34,28,56,75,36,20,23,52,20,15,34,62,20,31,53,58,51,53,41,18,67,54,19,52,18,25,67,16,51,37,16,16,18,18,34,64,21,68,40,51,18,81,39,52,19,14,15,16,16,18,17,19,62,23,80,46,35,68,72,66,39,61,14,15,16,17,35,65,47,76,76,65,66,20,53,43,86,27,40,51,39,36,21,77,48,54,24,83,66,13,44,12,58,27,64,60,56,65,36,73,18,50,22,85,71,12,43,11,74,64,104,99,102,110,66,83,18,48,21,83,67,17,51,42,63,16,38,92,99,36,18,71,33,46,20,86,38,51,35,63,79,47,21,97,94,20,68,88,61,55,40,66,23,72,54,49,16,13,14,36,40,17,27,22,50,64,91,42,26,24,66,16,57,24,12,14,13,17,19,52,26,51,47,44,25,8,36,61,12,42,52,49,41,47,44,17,48,56,20,45,25,9,9,29,65,44,17,21,63,16,40,69,43,16,19,46,31,21,19,20,21,39,65,61,62,67,51,25,23,24,27,44	(55.) Orobas. —The Fifty-fifth Spirit is Orobas. He is a great and Mighty Prince, appearing at first like a Horse; but after the command of the Exorcist he putteth on the Image of a Man. His Office is to discover all things Past, Present, and to Come; also to give Dignities, and Prelacies, and the Favour of Friends and of Foes. He giveth True Answers of Divinity, and of the Creation of the World. He is very faithful unto the Exorcist, and will not suffer him to be tempted of any Spirit. He governeth 20 Legions of Spirits. His Seal is this, etc.
56	Gremory	Gremory|Gamori	slice-0134-front-5-seal-grid-r02-c04	front-5-seal-grid-r02-c04	images/front-5.jpg	slices/ink-128-u8/slice-0134-front-5-seal-grid-r02-c04.u8	27,28,30,29,30,55,73,74,76,72,52,48,50,50,57,103,56,61,14,38,65,41,22,66,51,33,60,72,34,26,26,79,10,12,58,57,75,44,50,55,55,53,50,68,82,43,26,82,11,48,43,24,67,24,18,17,20,22,45,71,29,83,35,77,19,64,17,74,24,49,21,31,31,23,35,39,64,37,75,78,54,62,63,65,61,72,43,87,71,42,70,62,79,85,87,83,58,32,45,15,54,50,88,85,99,82,41,66,28,68,45,101,55,17,40,15,60,58,26,47,34,33,68,59,26,56,31,124,54,16,58,28,83,34,22,46,31,23,70,51,41,63,27,115,55,36,72,46,94,49,75,70,57,75,88,67,69,72,39,102,53,28,50,51,40,64,47,46,28,73,72,65,51,65,85,84,21,56,23,76,18,52,44,54,42,49,34,72,79,26,75,72,11,59,30,39,45,50,77,46,61,90,27,61,27,62,42,70,13,8,62,76,39,51,56,48,49,53,56,77,60,55,24,65,14,5,8,52,61,24,18,58,51,22,35,72,50,20,22,62,26,18,21,21,34,69,71,74,71,67,60,34,29,32,38,67	(56.) Gremory , or Gamori .—The Fifty-sixth Spirit is Gremory, or Gamori. He is a Duke Strong and Powerful, and appeareth in the Form of a Beautiful Woman, with a Duchess’s Crown tied about her waist, and riding on a Great Camel. His Office is to tell of all Things Past, Present, and to Come; and of Treasures Hid, and what they lie in; and to procure the Love of Women both Young and Old. He governeth 26 Legions of Spirits, and his Seal is this, etc.
57	Osé	Osé|Voso	slice-0135-front-5-seal-grid-r03-c01	front-5-seal-grid-r03-c01	images/front-5.jpg	slices/ink-128-u8/slice-0135-front-5-seal-grid-r03-c01.u8	68,43,42,39,38,39,55,68,65,56,39,35,35,38,36,33,56,67,12,16,58,58,35,62,49,32,53,57,17,9,10,14,45,10,25,72,22,18,44,52,55,44,21,19,68,28,10,13,42,17,75,14,44,41,11,9,10,12,34,46,11,66,22,13,43,62,22,44,24,10,9,11,11,11,11,20,47,14,63,12,52,61,23,61,58,61,39,56,70,63,70,64,56,28,42,24,73,33,46,52,66,71,75,41,61,79,72,25,92,60,17,53,83,33,69,48,49,15,54,20,38,52,40,61,97,108,39,54,86,81,107,62,78,53,98,62,78,73,49,63,95,114,60,54,79,25,49,61,58,51,88,39,62,83,64,25,93,95,13,54,56,50,39,55,41,55,57,36,52,90,87,48,80,49,30,37,46,67,13,63,51,32,21,51,48,28,31,26,46,15,55,16,49,35,51,21,53,14,10,11,13,12,14,48,27,35,37,12,49,11,58,47,16,51,50,42,39,41,48,20,39,49,12,13,50,12,11,45,71,27,13,32,62,13,23,59,44,12,13,15,56,26,22,21,25,62,73,78,71,64,59,22,18,17,17,19	(57.) Osé , or Voso .—The Fifty-seventh Spirit is Oso, Osé, or Voso. He is a Great President, and appeareth like a Leopard at the first, but after a little time he putteth on the Shape of a Man. His Office is to make one cunning in the Liberal Sciences, and to give True Answers of Divine and Secret Things; also to change a Man into any Shape that the Exorcist pleaseth, so that he that is so changed will not think any other thing than that he is in verity that Creature or Thing he is changed into. He governeth 30 [26] Legions of Spirits, and this is his Seal, etc.
58	Amy	Amy|Avnas	slice-0136-front-5-seal-grid-r03-c02	front-5-seal-grid-r03-c02	images/front-5.jpg	slices/ink-128-u8/slice-0136-front-5-seal-grid-r03-c02.u8	58,46,36,35,33,49,69,75,71,73,46,31,33,31,31,34,47,81,14,29,63,41,13,55,29,19,51,72,28,11,12,20,35,10,44,49,12,38,42,45,46,52,34,15,67,36,12,21,33,35,86,24,49,20,9,9,10,12,30,54,33,81,26,22,32,60,42,56,13,11,12,11,11,14,15,18,68,34,66,21,59,27,54,60,67,12,67,12,12,34,34,20,63,34,54,31,70,10,67,41,69,40,64,69,16,52,45,58,115,59,23,55,70,11,71,33,39,79,50,26,93,17,45,36,61,58,14,60,65,35,70,21,61,73,51,47,37,65,44,14,47,46,57,60,76,66,79,70,35,52,128,73,49,47,76,53,59,51,48,62,66,28,43,18,13,15,20,20,17,16,50,15,29,35,54,33,36,67,15,56,14,13,12,13,12,31,63,16,50,15,67,19,34,44,43,24,52,17,13,12,12,34,43,50,16,54,25,19,35,12,55,46,39,76,50,49,49,46,66,36,57,41,12,18,38,12,12,43,79,43,16,14,15,16,56,77,31,12,12,21,43,20,23,22,22,52,68,66,69,64,41,22,21,22,23,28	(58.) Amy , or Avnas .—The Fifty-eighth Spirit is Amy, or Avnas. He is a Great President, and appeareth at first in the Form of a Flaming Fire; but after a while he putteth on the Shape of a Man. His office is to make one Wonderful Knowing [27] in Astrology and all the Liberal Sciences. He giveth Good Familiars, and can bewray Treasure that is kept by Spirits. He governeth 36 Legions of Spirits, and his Seal is this, etc.
59	Oriax	Oriax|Orias	slice-0137-front-5-seal-grid-r03-c03	front-5-seal-grid-r03-c03	images/front-5.jpg	slices/ink-128-u8/slice-0137-front-5-seal-grid-r03-c03.u8	38,28,25,28,27,43,59,66,67,70,54,32,30,33,35,48,27,67,19,30,62,34,9,55,37,9,35,64,33,14,15,35,25,13,42,48,9,36,43,41,41,44,40,11,50,41,14,35,26,26,49,13,44,20,9,9,10,9,20,51,18,56,37,33,24,83,26,42,51,37,96,35,73,18,60,17,55,31,84,30,38,74,83,22,83,103,105,105,74,96,59,56,74,87,64,43,63,15,43,23,111,45,77,82,52,71,69,53,82,75,21,64,66,9,49,84,119,113,95,95,108,104,114,113,92,114,17,66,68,9,78,133,69,31,51,34,49,54,29,62,27,71,16,66,63,17,76,62,79,41,82,59,82,82,52,60,13,46,24,60,43,50,38,29,96,47,78,82,96,76,37,60,29,37,52,38,28,66,13,53,36,72,43,50,47,39,66,29,54,17,68,24,27,23,64,36,64,59,83,71,69,74,56,65,20,61,26,24,27,7,34,70,22,33,44,47,47,46,36,32,81,34,15,24,31,8,9,21,59,49,21,14,13,21,50,59,23,14,14,27,38,20,21,24,21,34,57,62,63,58,38,23,25,27,28,35	(59.) Oriax , or Orias .—The Fifty-ninth Spirit is Oriax, or Orias. He is a Great Marquis, and appeareth in the Form of a Lion, [28] riding upon a Horse Mighty and Strong, with a Serpent’s Tail; [29] and he holdeth in his Right Hand two Great Serpents hissing. His Office is to teach the Virtues of the Stars, and to know the Mansions of the Planets, and how to understand their Virtues. He also transformeth Men, and he giveth Dignities, Prelacies, and Confirmation thereof; also Favour with Friends and with Foes. He doth govern 30 Legions of Spirits; and his Seal is this, etc.
60	Vapula	Vapula|Naphula	slice-0138-front-5-seal-grid-r03-c04	front-5-seal-grid-r03-c04	images/front-5.jpg	slices/ink-128-u8/slice-0138-front-5-seal-grid-r03-c04.u8	31,31,27,27,31,55,72,78,81,70,57,44,44,44,47,67,24,78,19,37,70,39,17,66,46,28,50,68,39,25,24,53,16,9,44,50,13,42,48,48,48,53,45,26,61,49,23,46,18,32,44,19,59,73,30,63,37,64,37,63,27,69,36,43,20,77,51,50,51,80,84,80,80,75,53,28,70,93,79,40,41,40,71,22,82,96,111,80,81,87,86,31,53,74,60,50,58,10,48,50,77,114,81,94,74,102,73,59,94,67,33,72,59,10,53,90,126,112,127,101,106,101,99,122,90,118,26,68,61,10,91,112,63,20,66,31,31,57,25,66,24,69,27,59,64,12,79,45,62,74,91,90,82,93,64,79,25,56,30,52,41,40,38,28,62,28,67,80,74,77,33,80,39,49,53,35,24,67,14,59,22,68,83,57,72,76,92,30,62,29,72,25,22,24,53,29,96,33,68,86,79,73,39,72,36,68,39,23,23,8,40,78,47,43,56,57,56,57,46,44,103,46,24,25,25,10,11,33,76,57,27,25,23,28,58,75,38,25,26,27,35,24,28,31,30,48,77,78,78,76,53,39,38,42,43,46	(60.) Vapula , or Naphula .—The Sixtieth Spirit is Vapula, or Naphula. He is a Duke Great, Mighty, and Strong; appearing in the Form of a Lion with Gryphon’s Wings. His Office is to make Men Knowing in all Handcrafts and Professions, also in Philosophy, and other Sciences. He governeth 36 Legions of Spirits, and his Seal or Character is thus made, and thou shalt wear it as aforesaid, etc.
61	Zagan	Zagan	slice-0139-front-5-seal-grid-r04-c01	front-5-seal-grid-r04-c01	images/front-5.jpg	slices/ink-128-u8/slice-0139-front-5-seal-grid-r04-c01.u8	63,35,33,32,30,44,71,74,72,70,47,34,34,36,37,34,55,66,14,26,72,50,20,68,36,16,50,76,26,11,10,12,48,12,40,61,11,33,49,46,43,47,33,12,65,40,10,12,47,28,65,12,51,25,8,10,8,10,27,51,13,66,27,12,46,73,13,54,13,10,12,12,12,12,12,16,51,14,68,13,58,51,41,83,65,53,22,78,76,25,47,43,78,31,50,26,86,19,48,13,51,56,55,81,90,57,57,12,52,46,20,55,89,32,46,13,55,12,11,23,78,51,11,12,49,46,57,58,90,69,50,12,50,57,56,71,80,52,14,49,48,42,44,51,91,15,53,12,12,16,57,33,80,54,66,72,40,45,15,50,70,48,50,20,11,11,15,38,65,55,39,75,97,35,44,29,45,80,12,61,11,10,33,102,96,40,11,20,72,10,70,15,44,43,52,24,55,15,10,70,68,11,18,51,14,59,32,15,41,10,58,46,14,48,48,42,36,44,39,12,52,46,9,14,40,11,11,47,70,31,11,51,43,12,36,69,34,10,9,14,51,26,24,23,26,55,69,71,71,74,52,27,26,26,25,29	(61.) Zagan. —The Sixty-first Spirit is Zagan. He is a Great King and President, appearing at first in the Form of a Bull with Gryphon’s Wings; but after a while he putteth on Human Shape. He maketh Men Witty. He can turn Wine into Water, and Blood into Wine, also Water into Wine. He can turn all Metals into Coin of the Dominion that Metal is of. He can even make Fools wise. He governeth 33 Legions of Spirits, and his Seal is this, etc.
62	Volac	Volac|Valak|Valu|Ualac	slice-0140-front-5-seal-grid-r04-c02	front-5-seal-grid-r04-c02	images/front-5.jpg	slices/ink-128-u8/slice-0140-front-5-seal-grid-r04-c02.u8	52,35,33,32,30,50,74,71,75,79,56,35,34,33,34,36,46,71,19,31,68,42,13,62,37,13,37,66,33,10,10,16,36,10,42,53,11,36,42,42,44,42,40,11,52,47,10,16,35,31,57,13,45,20,11,11,10,11,18,52,17,50,32,16,32,67,11,75,66,64,35,12,11,13,12,11,52,10,63,16,51,41,35,21,11,47,45,56,71,64,50,11,16,37,35,43,81,13,45,9,11,46,41,47,85,75,45,54,45,71,11,64,76,28,45,9,11,47,52,44,67,67,43,34,11,66,48,63,74,56,46,10,10,63,29,24,73,66,33,21,42,59,34,66,67,11,50,8,9,18,57,60,71,66,42,66,41,44,12,58,52,42,43,18,8,8,12,15,77,70,54,46,20,42,33,39,35,73,10,52,11,9,10,59,88,10,15,97,76,12,64,18,31,33,60,16,50,19,9,53,95,12,15,74,18,54,34,13,33,9,44,44,10,40,45,42,42,45,41,11,44,46,10,14,33,7,9,30,66,41,10,50,43,12,35,64,38,10,10,14,44,22,21,20,20,42,64,60,58,61,44,18,17,15,18,20	(62.) Volac , or Valak , or Valu , or Ualac .—The Sixty-second Spirit is Volac, or Valak, or Valu. He is a President Mighty and Great, and appeareth like a Child with Angel’s Wings, riding on a Two-headed Dragon. His Office is to give True Answers of Hidden Treasures, and to tell where Serpents may be seen. The which he will bring unto the Exorciser without any Force or Strength being by him employed. He governeth 38 Legions of Spirits, and his Seal is thus.
63	Andras	Andras	slice-0141-front-5-seal-grid-r04-c03	front-5-seal-grid-r04-c03	images/front-5.jpg	slices/ink-128-u8/slice-0141-front-5-seal-grid-r04-c03.u8	52,32,32,34,33,46,73,75,73,70,51,32,32,33,38,43,31,57,43,25,70,50,19,66,57,16,46,73,39,16,18,29,33,9,39,72,13,37,51,56,58,51,44,16,60,49,17,28,31,24,71,78,53,29,12,12,13,12,26,68,87,61,48,28,30,70,11,49,14,10,14,13,11,15,13,15,73,18,81,28,45,49,29,78,70,25,65,57,56,55,59,60,69,59,44,55,68,16,43,47,101,22,52,58,84,17,88,53,32,56,20,76,70,34,59,61,46,35,53,52,79,22,79,55,43,48,48,71,69,51,62,67,34,35,91,62,64,68,69,73,41,46,69,73,71,14,43,45,13,16,71,46,45,47,46,50,26,54,18,72,49,47,35,52,43,49,59,55,59,45,64,75,65,69,40,54,30,68,10,50,12,28,72,48,43,68,44,59,47,19,73,27,30,32,67,68,53,33,98,51,39,99,49,79,56,59,45,26,32,9,41,64,13,41,46,39,37,41,39,16,47,53,16,26,34,9,9,35,62,35,14,36,53,15,29,54,34,14,15,25,39,17,16,15,19,40,57,57,56,49,41,21,22,23,24,31	(63.) Andras. —The Sixty-third Spirit is Andras. He is a Great Marquis, appearing in the Form of an Angel with a Head like a Black Night Raven, riding upon a strong Black Wolf, and having a Sharp and Bright Sword flourished aloft in his hand. His Office is to sow Discords. If the Exorcist have not a care, he will slay both him and his fellows. He governeth 30 Legions of Spirits, and this is his Seal, etc.
64	Haures	Haures|Hauras|Havres|Flauros	slice-0142-front-5-seal-grid-r04-c04	front-5-seal-grid-r04-c04	images/front-5.jpg	slices/ink-128-u8/slice-0142-front-5-seal-grid-r04-c04.u8	39,27,31,33,35,52,72,75,81,80,69,47,42,44,46,44,27,49,56,31,66,46,21,63,47,27,46,77,59,27,26,29,28,11,38,59,20,39,50,65,81,57,57,28,60,68,24,28,31,24,93,33,68,101,41,76,63,54,72,111,65,100,53,30,29,65,30,73,30,63,59,64,79,66,94,55,70,41,98,30,40,54,33,73,78,58,40,43,57,41,67,54,90,54,56,59,61,25,47,60,41,79,38,47,66,49,71,59,67,56,26,65,69,14,46,52,30,86,49,51,49,69,54,67,76,56,27,69,68,29,53,57,32,95,50,61,63,65,62,64,60,54,37,65,58,55,67,41,41,82,62,66,84,32,91,58,43,61,87,69,37,53,30,38,57,22,90,91,95,111,40,73,35,53,50,49,27,61,15,48,42,50,18,57,47,35,55,55,66,29,74,30,28,19,56,14,51,43,53,19,19,61,55,63,33,62,45,29,26,9,29,52,61,56,73,72,73,77,66,53,59,55,26,30,26,7,9,21,67,54,25,19,20,26,52,78,43,23,25,31,31,20,20,22,26,40,62,67,68,73,53,37,36,40,46,48	(64.) Haures , or Hauras , or Havres , or Flauros .—The Sixty-fourth Spirit is Haures, or Hauras, or Havres, or Flauros. He is a Great Duke, and appeareth at first like a Leopard, Mighty, Terrible, and Strong, but after a while, at the Command of the Exorcist, he putteth on Human Shape with Eyes Flaming and Fiery, and a most Terrible Countenance. He giveth True Answers of all things, Present, Past, and to Come. But if he be not commanded into a Triangle, △, he will Lie in all these Things, and deceive and beguile the Exorcist in these things, or in such and such business. He will, lastly, talk of the Creation of the World, and of Divinity, and of how he and other Spirits fell. He destroyeth and burneth up those who be the Enemies of the Exorcist should he so desire it; also he will not suffer him to be tempted by any other Spirit or otherwise. He governeth 36 Legions of Spirits, and his Seal is this, to be worn as a Lamen, etc.
65	Andrealphus	Andrealphus	slice-0143-front-5-seal-grid-r05-c01	front-5-seal-grid-r05-c01	images/front-5.jpg	slices/ink-128-u8/slice-0143-front-5-seal-grid-r05-c01.u8	59,36,25,25,28,55,70,65,68,64,48,27,24,22,21,30,68,54,10,42,67,35,11,67,50,13,32,60,37,11,9,18,48,12,53,51,11,42,42,40,41,45,42,12,43,46,9,17,48,42,50,14,54,18,9,10,10,12,16,51,19,40,31,16,47,96,79,87,123,65,62,48,65,65,60,135,71,49,64,19,67,39,54,19,29,66,23,55,68,27,71,15,14,57,31,38,84,15,59,66,39,20,52,60,85,71,15,36,51,58,10,49,83,11,73,53,44,36,26,72,92,32,45,46,48,59,11,48,84,12,52,30,44,62,44,95,107,39,64,42,37,59,11,47,89,15,80,92,62,14,56,27,46,58,12,60,60,49,10,55,72,41,45,16,12,61,42,78,88,46,62,11,16,47,30,52,47,82,93,67,133,92,22,74,89,26,113,149,67,77,90,19,45,39,53,19,54,18,10,16,19,13,31,62,21,41,39,14,45,9,57,46,11,45,49,43,42,48,43,12,39,49,10,13,50,11,12,47,65,28,10,58,67,11,30,66,41,10,10,14,56,21,20,19,23,55,72,94,84,87,63,23,23,21,23,26	(65.) Andrealphus. —The Sixty-fifth Spirit is Andrealphus. He is a Mighty Marquis, appearing at first in the form of a Peacock, with great Noises. But after a time he putteth on Human shape. He can teach Geometry perfectly. He maketh Men very subtle therein; and in all Things pertaining unto Mensuration or Astronomy. He can transform a Man into the Likeness of a Bird. He governeth 30 Legions of Infernal Spirits, and his Seal is this, etc.
66	Cimejes	Cimejes|Cimeies|Kimaris	slice-0144-front-5-seal-grid-r05-c02	front-5-seal-grid-r05-c02	images/front-5.jpg	slices/ink-128-u8/slice-0144-front-5-seal-grid-r05-c02.u8	48,31,27,26,27,47,74,77,84,73,56,34,31,29,31,32,39,71,12,25,70,47,14,53,54,13,35,65,49,9,11,19,34,8,34,60,11,37,49,47,45,48,44,13,43,58,11,20,32,26,60,12,52,24,11,10,12,11,31,80,23,41,53,18,32,73,78,85,53,56,54,49,39,53,60,56,63,81,79,27,48,52,49,60,64,55,61,63,59,75,40,72,74,66,21,62,74,18,44,26,35,116,68,67,108,56,53,55,41,65,11,65,81,8,39,27,32,32,34,31,32,70,83,105,69,87,17,62,85,10,44,27,75,107,48,56,99,76,50,71,43,59,17,61,77,20,41,70,56,77,66,57,67,72,65,69,50,64,16,58,47,53,44,86,73,40,42,44,64,86,28,45,38,43,21,59,33,66,73,65,15,8,9,10,12,10,53,61,42,71,71,29,31,22,65,11,52,23,11,10,13,11,41,65,22,61,52,27,30,8,39,55,11,36,48,42,47,47,43,14,39,65,12,27,33,9,9,28,73,44,13,26,79,14,30,58,47,11,12,28,40,22,23,20,20,40,64,58,68,59,42,20,17,16,20,28	(66.) Cimejes , or Cimeies , or Kimaris .—The Sixty-sixth Spirit is Cimejes, or Cimeies, or Kimaris. He is a Marquis, Mighty, Great, Strong and Powerful, appearing like a Valiant Warrior riding upon a goodly Black Horse. He ruleth over all Spirits in the parts of Africa. His Office is to teach perfectly Grammar, Logic, Rhetoric, and to discover things Lost or Hidden, and Treasures. He governeth 20 Legions of Infernals; and his Seal is this, etc.
67	Amdusias	Amdusias|Amdukias	slice-0145-front-5-seal-grid-r05-c03	front-5-seal-grid-r05-c03	images/front-5.jpg	slices/ink-128-u8/slice-0145-front-5-seal-grid-r05-c03.u8	46,31,28,28,30,32,49,59,55,52,34,29,31,30,33,35,38,63,17,17,51,49,26,26,51,24,43,60,30,14,15,25,35,10,23,61,19,25,42,40,44,44,33,15,57,40,15,24,32,18,72,14,43,34,11,12,12,13,30,56,36,75,38,25,29,59,42,82,72,16,14,15,12,15,16,74,73,27,65,26,37,51,28,31,46,31,50,46,42,44,36,47,22,42,38,46,58,21,41,12,29,74,93,107,131,82,76,44,15,44,16,57,61,10,43,13,44,47,48,52,56,64,41,66,14,45,16,58,61,12,39,10,14,29,75,76,79,87,43,14,14,40,34,51,58,90,60,12,17,62,77,28,40,64,61,23,18,41,53,50,40,52,36,19,23,36,17,23,38,15,42,26,16,42,28,42,28,61,13,45,12,62,21,22,38,26,59,12,46,18,52,23,26,30,45,18,42,44,51,57,66,60,41,42,26,38,39,24,27,11,37,46,69,33,37,63,62,36,47,64,37,44,16,24,32,11,9,23,45,28,13,15,14,15,38,58,37,15,17,26,28,21,22,18,17,36,51,48,51,47,33,17,16,15,17,26	(67.) Amdusias , or Amdukias .—The Sixty-seventh Spirit is Amdusias, or Amdukias. He is a Duke Great and Strong, appearing at first like a Unicorn, but at the request of the Exorcist he standeth before him in Human Shape, causing Trumpets, and all manner of Musical Instruments to be heard, but not soon or immediately. Also he can cause Trees to bend and incline according to the Exorcist’s Will. He giveth Excellent Familiars. He governeth 29 Legions of Spirits. And his Seal is this, etc.
68	Belial	Belial	slice-0146-front-5-seal-grid-r05-c04	front-5-seal-grid-r05-c04	images/front-5.jpg	slices/ink-128-u8/slice-0146-front-5-seal-grid-r05-c04.u8	46,35,31,33,39,67,78,89,93,92,86,59,46,45,43,52,38,76,23,45,69,36,23,69,62,30,47,85,68,26,25,40,30,12,51,46,18,55,57,56,59,66,69,32,61,79,23,40,28,37,47,24,57,24,24,65,76,28,34,77,39,66,62,38,27,61,13,96,92,54,60,69,75,66,64,100,108,30,81,39,48,31,38,49,32,75,23,34,47,28,74,36,69,60,44,67,58,10,40,49,19,26,71,62,64,73,34,25,64,65,23,74,57,11,42,45,44,71,46,83,78,35,77,50,58,58,26,71,55,9,42,43,43,74,61,83,93,63,97,69,64,55,26,69,57,9,41,41,15,32,58,49,62,69,43,33,57,53,28,72,39,30,43,47,36,66,43,81,90,61,77,50,64,51,53,63,21,60,69,75,75,58,70,74,80,80,63,87,97,75,79,40,27,27,45,20,48,26,39,57,57,37,35,59,33,49,51,38,31,10,39,44,18,46,54,79,73,55,53,28,50,59,23,38,28,9,12,32,58,41,24,26,24,26,45,70,52,24,25,40,30,14,16,18,21,42,65,65,66,68,55,34,35,35,37,49	(68.) Belial. —The Sixty-eighth Spirit is Belial. He is a Mighty and a Powerful King, and was created next after Lucifer . He appeareth in the Form of Two Beautiful Angels sitting in a Chariot of Fire. He speaketh with a Comely Voice, and declareth that he fell first from among the worthier sort, that were before Michael, and other Heavenly Angels. His Office is to distribute Presentations and Senatorships, etc.; and to cause favour of Friends and of Foes. He giveth excellent Familiars, and governeth 50 Legions of Spirits. Note well that this King Belial must have Offerings, Sacrifices and Gifts presented unto him by the Exorcist, or else he will not give True Answers unto his Demands. But then he tarrieth not one hour in the Truth, unless he be constrained by Divine Power. And his Seal is this, which is to be worn as aforesaid, etc.
69	Decarabia	Decarabia	slice-0147-front-5-seal-grid-r06-c01	front-5-seal-grid-r06-c01	images/front-5.jpg	slices/ink-128-u8/slice-0147-front-5-seal-grid-r06-c01.u8	71,52,42,41,40,61,88,89,93,83,56,37,34,30,33,33,64,92,23,34,84,60,17,74,63,19,53,84,33,10,11,17,58,11,55,67,11,42,50,52,59,57,41,12,74,56,10,16,57,35,67,14,59,24,10,9,10,10,29,61,14,77,35,15,54,85,28,60,18,33,61,12,15,10,25,16,66,49,92,15,74,76,93,95,79,78,84,103,96,89,75,35,28,81,49,36,103,17,51,77,80,27,53,65,93,108,84,94,62,65,17,65,108,12,83,38,29,95,124,60,50,53,67,99,67,99,13,67,122,15,100,72,74,122,148,83,81,101,97,138,124,99,13,67,120,22,56,78,97,44,76,75,92,17,74,68,46,77,15,72,95,59,55,101,85,75,91,106,121,121,85,70,43,45,45,46,63,105,18,73,30,58,93,20,29,54,72,24,59,15,86,19,61,59,72,45,99,22,15,12,12,13,22,73,37,66,48,20,62,13,85,111,59,59,67,64,60,62,60,44,113,72,11,21,67,14,14,69,116,48,17,17,15,15,44,105,55,14,13,21,77,35,27,27,36,90,118,107,99,107,80,31,27,27,30,31	(69.) Decarabia. —The Sixty-ninth Spirit is Decarabia. He appeareth in the Form of a Star in a Pentacle, at first; but after, at the command of the Exorcist, he putteth on the image of a Man. His Office is to discover the Virtues of Birds and Precious Stones, and to make the Similitude of all kinds of Birds to fly before the Exorcist, singing and drinking as natural Birds do. He governeth 30 Legions of Spirits, being himself a Great Marquis. And this is his Seal, which is to be worn, etc.
70	Seere	Seere|Sear|Seir	slice-0148-front-5-seal-grid-r06-c02	front-5-seal-grid-r06-c02	images/front-5.jpg	slices/ink-128-u8/slice-0148-front-5-seal-grid-r06-c02.u8	50,38,25,24,27,39,61,59,60,62,45,31,29,28,31,38,46,57,8,20,62,47,15,23,51,13,35,57,31,8,8,23,32,7,40,55,12,20,39,53,48,41,31,10,40,46,10,23,31,19,66,9,40,33,7,9,9,11,21,46,14,47,37,22,31,86,87,45,56,23,10,58,53,35,11,55,63,60,63,27,45,55,26,94,88,56,109,47,13,123,65,90,65,42,23,56,78,19,42,75,79,45,119,56,45,99,60,67,41,39,8,65,81,11,38,40,48,65,103,65,62,101,46,65,66,42,10,62,86,11,44,52,76,85,55,61,74,57,77,96,34,37,12,63,92,18,46,12,54,31,141,101,82,143,100,45,13,41,10,66,58,56,40,26,65,30,69,14,49,51,57,57,13,42,26,60,35,89,72,100,40,56,18,20,66,10,54,26,40,64,61,32,43,37,114,21,60,23,21,56,37,51,13,41,29,63,49,35,43,10,55,79,15,52,78,85,83,92,49,22,44,60,13,38,43,10,11,44,97,53,19,46,64,18,42,79,47,12,12,38,54,31,31,29,26,65,105,96,105,83,73,32,27,29,36,54	(70.) Seere , Sear , or Seir .—The Seventieth Spirit is Seere, Sear, or Seir. He is a Mighty Prince, and Powerful, under Amaymon , King of the East. He appeareth in the Form of a Beautiful Man, riding upon a Winged Horse. His Office is to go and come; and to bring abundance of things to pass on a sudden, and to carry or recarry anything whither thou wouldest have it to go, or whence thou wouldest have it from. He can pass over the whole Earth in the twinkling of an Eye. He giveth a True relation of all sorts of Theft, and of Treasure hid, and of many other things. He is of an indifferent Good Nature, and is willing to do anything which the Exorcist desireth. He governeth 26 Legions of Spirits. And this his Seal is to be worn, etc.
71	Dantalion	Dantalion	slice-0149-front-5-seal-grid-r06-c03	front-5-seal-grid-r06-c03	images/front-5.jpg	slices/ink-128-u8/slice-0149-front-5-seal-grid-r06-c03.u8	43,39,27,28,30,37,44,62,61,53,37,42,42,40,40,48,36,35,11,20,49,45,26,55,48,30,47,55,26,17,15,25,22,11,27,55,15,27,43,54,53,46,30,19,61,37,16,26,21,23,61,12,42,35,11,15,14,13,41,56,19,61,29,27,22,57,68,59,53,90,28,94,94,59,75,61,70,67,65,25,45,38,35,54,50,20,79,72,98,80,22,68,61,41,47,36,68,12,44,44,75,25,34,23,45,34,23,60,52,48,24,55,62,11,54,42,20,99,25,23,41,20,89,23,53,47,18,57,64,13,61,56,33,55,73,70,86,88,41,36,50,45,20,60,67,15,63,42,74,70,29,27,44,26,105,44,46,41,23,59,56,39,44,61,48,37,32,25,43,43,32,61,48,33,46,39,21,74,84,91,59,58,67,58,67,72,64,60,72,55,65,31,19,48,63,25,55,23,19,38,46,20,22,48,24,73,42,33,19,12,75,58,20,56,53,64,61,47,41,22,54,42,19,36,19,16,16,54,92,46,21,60,50,22,46,72,38,19,18,39,43,35,34,34,35,76,98,96,73,77,53,34,30,30,33,45	(71.) Dantalion. —The Seventy-first Spirit is Dantalion. He is a Duke Great and Mighty, appearing in the Form of a Man with many Countenances, all Men’s and Women’s Faces; and he hath a Book in his right hand. His Office is to teach all Arts and Sciences unto any; and to declare the Secret Counsel of any one; for he knoweth the Thoughts of all Men and Women, and can change them at his Will. He can cause Love, and show the Similitude of any person, and show the same by a Vision, let them be in what part of the World they Will. He governeth 36 Legions of Spirits; and this is his Seal, which wear thou, etc.
72	Andromalius	Andromalius	slice-0150-front-5-seal-grid-r06-c04	front-5-seal-grid-r06-c04	images/front-5.jpg	slices/ink-128-u8/slice-0150-front-5-seal-grid-r06-c04.u8	45,32,29,34,33,44,63,58,62,58,42,42,40,42,43,51,33,52,15,25,52,55,24,54,50,29,57,60,28,23,22,42,25,13,31,57,70,31,40,47,48,50,61,82,62,34,21,44,25,32,39,17,53,28,19,19,21,23,42,56,26,64,27,46,26,48,15,43,44,27,33,36,39,26,30,58,49,39,60,51,42,50,46,88,55,81,42,59,33,50,53,46,75,115,66,50,53,28,36,96,66,55,28,47,21,59,57,27,56,58,42,68,50,13,48,58,46,50,76,79,82,19,27,26,54,66,30,77,58,29,32,13,64,55,51,99,37,23,47,61,68,53,33,75,86,55,34,86,61,86,19,49,40,23,31,80,42,88,81,73,54,19,45,78,41,47,59,79,62,60,66,62,51,45,63,66,27,51,24,42,16,30,88,57,22,24,91,105,74,36,63,64,19,50,43,61,43,38,84,52,23,27,57,108,92,67,38,69,21,11,61,41,28,57,61,48,48,57,53,35,94,48,30,71,20,12,17,54,63,52,73,23,32,90,50,76,46,29,27,75,41,41,39,44,50,75,90,82,80,84,67,54,58,58,60,97	(72.) Andromalius. —The Seventy-second Spirit in Order is named Andromalius. He is an Earl, Great and Mighty, appearing in the Form of a Man holding a Great Serpent in his Hand. His Office is to bring back both a Thief, and the Goods which be stolen; and to discover all Wickedness, and Underhand Dealing; and to punish all Thieves and other Wicked People and also to discover Treasures that be Hid. He ruleth over 36 Legions of Spirits. His Seal is this, the which wear thou as aforesaid, etc.
